,id,count,tracking,binary_tracker,prediction
51,prefmgr-cookie.truste-svc.net,42,0.0,0,1
54,l.evidon.com,77,0.0,0,1
101,p.twitchcdn.net,3,0.0,0,1
143,cdn.apple-cloudkit.com,2,0.0,0,1
174,idmsa.apple.com,2,0.0,0,1
176,us.ynuf.aliapp.org,4,0.0,0,1
184,cse.google.com,127,0.0,0,1
185,www.apachecon.com,3,0.0,0,1
203,bbc.gscontxt.net,2,0.0,0,1
239,apis.google.com,458,0.0,0,1
285,www.reddit.com,2,0.0,0,1
288,static.ada.support,42,0.0,0,1
289,rollout.ada.support,10,0.0,0,1
290,zoom.ada.support,4,0.0,0,1
292,cstaticdun.126.net,10,0.0,0,1
317,dsail-tech.com,2,0.0,0,1
336,ynuf.aliapp.org,27,0.0,0,1
343,jss.t.sinajs.cn,2,0.0,0,1
373,www.xvideos.com,1,0.0,0,1
411,ss.phncdn.com,9,0.0,0,1
414,twitter.com,2,0.0,0,1
461,vimeo.com,15,0.0,0,1
466,unpkg.zhimg.com,4,0.0,0,1
473,g.api.mega.co.nz,2,0.0,0,1
484,www.zndsk.com,2,0.0,0,1
488,static.scroll.com,50,0.0,0,1
493,www.dailymotion.com,4,0.0,0,1
523,xxid.atlassian.com,2,0.0,0,1
528,experience.tinypass.com,57,0.0,0,1
529,cdn.tinypass.com,82,0.0,0,1
531,c2.piano.io,78,0.0,0,1
535,cdn.fonts.net,6,0.0,0,1
548,js.usemessages.com,38,0.0,0,1
549,js.hubspotfeedback.com,5,0.0,0,1
553,players.brightcove.net,80,0.0,0,1
565,js-agent.newrelic.com,2,0.0,0,1
589,m.stripe.network,64,0.0,0,1
601,securepubads.g.doubleclick.net,21,0.0476190476190476,0,1
604,imasdk.googleapis.com,26,0.4615384615384615,0,1
605,api.cxense.com,10,0.0,0,1
607,video-api.shdsvc.dowjones.io,10,0.0,0,1
615,dropin.gocardless.com,2,0.0,0,1
624,retcode.alicdn.com,5,0.0,0,1
635,cmp.osano.com,94,0.0,0,1
676,geo2.adobe.com,3,0.0,0,1
682,identity.mparticle.com,10,0.0,0,1
686,ak.sail-horizon.com,2,0.0,0,1
707,map.brightcove.com,2,0.0,0,1
720,papi.look.360.cn,1,0.0,0,1
737,logo.samandehi.ir,10,0.0,0,1
757,embed.acuityscheduling.com,1,0.0,0,1
758,d3e54v103j8qbb.cloudfront.net,70,0.0,0,1
771,data.pendo.io,3,0.0,0,1
778,b2bsync.taobao.com,1,0.0,0,1
786,js.media-lab.ai,4,0.0,0,1
811,www.googletagmanager.com,53,0.3018867924528302,0,1
830,hulkprod.anm.co.uk,11,0.0,0,1
852,www.snapchat.com,4,0.0,0,1
863,assets.medicalnewstoday.com,3,0.0,0,1
866,app.usercentrics.eu,157,0.0,0,1
870,e.video-cdn.net,6,0.0,0,1
871,graphql.usercentrics.eu,47,0.0,0,1
873,uct.service.usercentrics.eu,14,0.0,0,1
883,player.cnevids.com,8,0.0,0,1
886,h5conf-open.xycdn.com,1,0.0,0,1
929,static-mon.yandex.net,7,0.0,0,1
930,rcmjs.rambler.ru,4,0.0,0,1
931,st.top100.ru,29,0.0,0,1
932,kraken.rambler.ru,72,0.0,0,1
934,http-check-headers.yandex.ru,6,0.0,0,1
936,rmb.ops.beeline.ru,1,0.0,0,1
947,consent.cookiebot.com,176,0.0,0,1
966,si.trustutn.org,3,0.0,0,1
974,cdn.cxense.com,4,0.0,0,1
1000,js.hs-scripts.com,107,0.0,0,1
1006,alimama.alicdn.com,1,0.0,0,1
1049,ajax.aspnetcdn.com,27,0.0,0,1
1058,www.rakuten.co.jp,2,0.0,0,1
1064,gettime.r10s.jp,1,0.0,0,1
1065,api.r10s.jp,1,0.0,0,1
1067,cdn.jwplayer.com,81,0.0,0,1
1069,ruby.fusemachines.com,1,0.0,0,1
1102,aeu.alicdn.com,12,0.0,0,1
1109,auth-session-caching.wetransfer.net,4,0.0,0,1
1126,captcha.gtimg.com,28,0.0,0,1
1133,api.intrack.ir,2,0.0,0,1
1138,ssor.platform.californiatimes.com,2,0.0,0,1
1173,static.gcore.pro,1,0.0,0,1
1180,mssdk.snssdk.com,3,0.0,0,1
1184,lf3-sec.bytetos.com,1,0.0,0,1
1186,mcs.zijieapi.com,2,0.0,0,1
1196,dcf.espn.com,15,0.0,0,1
1209,production-cmp.isgprivacy.cbsi.com,28,0.0,0,1
1211,developers.kakao.com,4,0.0,0,1
1216,watch.auth.api.dtci.technology,1,0.0,0,1
1220,fms.viacomcbs.digital,2,0.0,0,1
1227,doppler-config.cbsivideo.com,5,0.0,0,1
1252,cdn0.ozone.ru,1,0.0,0,1
1256,mps.nbcuni.com,16,0.0,0,1
1257,geo.cnbc.com,3,0.0,0,1
1263,services.brightline.tv,4,0.0,0,1
1266,dccdn11.dcinside.co.kr,86,0.0,0,1
1274,cdn.ziffstatic.com,16,0.0,0,1
1293,s3.tradingview.com,8,0.0,0,1
1294,s.tradingview.com,7,0.0,0,1
1309,cdn.neverbounce.com,4,0.0,0,1
1324,www.google-analytics.com,6,0.8333333333333334,1,0
1349,lptag.liveperson.net,71,0.0,0,1
1359,shein.ltwebstatic.com,1,0.0,0,1
1368,api.viafoura.co,46,0.0,0,1
1370,auth.lrcontent.com,11,0.0,0,1
1372,notifications.viafoura.co,17,0.0,0,1
1381,ccpa.sp-prod.net,12,0.0,0,1
1395,edge.cookiefirst.com,4,0.0,0,1
1401,freegeoip.live,1,0.0,0,1
1436,accounts.firefox.com,1,0.0,0,1
1449,w.soundcloud.com,11,0.0,0,1
1464,js.createsend1.com,4,0.0,0,1
1482,player.vimeo.com,151,0.0,0,1
1488,metal.prod.atl-paas.net,5,0.0,0,1
1493,xxid.atl-paas.net,2,0.0,0,1
1508,sadmin.brightcove.com,3,0.0,0,1
1522,widgets.outbrain.com,1,0.0,0,1
1524,odb.outbrain.com,1,0.0,0,1
1557,stat.i3.dmm.com,2,0.0,0,1
1564,js.partnerstack.com,4,0.0,0,1
1571,www.bet365.de,1,0.0,0,1
1609,use.fortawesome.com,3,0.0,0,1
1612,api.github.com,4,0.0,0,1
1625,cf.aliyun.com,12,0.0,0,1
1650,api-v3.tinypass.com,4,0.0,0,1
1685,developers.google.com,1,0.0,0,1
1726,eu2-track.inside-graph.com,2,1.0,1,0
1727,eu2-live.inside-graph.com,9,1.0,1,0
1728,eu2-cdn.inside-graph.com,31,1.0,1,0
1729,us-sandbox-live.inside-graph.com,1,1.0,1,0
1731,js.3conline.com,7,0.0,0,1
1748,ep00.epimg.net,3,0.0,0,1
1749,contributor.google.com,2,0.0,0,1
1754,eye.targetads.io,1,0.0,0,1
1758,api.queryly.com,4,0.0,0,1
1767,geo.privacymanager.io,55,0.0,0,1
1770,js.hscollectedforms.net,51,0.0,0,1
1783,app-sjl.marketo.com,1,0.0,0,1
1821,p1.socy.es,1,0.0,0,1
1900,cdn.cxomedia.id,1,0.0,0,1
1909,static-web.prod.vid.id,3,0.0,0,1
1910,personalization.vidio.com,4,0.0,0,1
1916,secure.polldaddy.com,3,0.0,0,1
1920,cdn.hypemarks.com,5,0.0,0,1
1922,api.tintup.com,7,0.0,0,1
1924,static.filestackapi.com,1,0.0,0,1
1930,cdn.mathjax.org,5,0.0,0,1
1966,a2.zhanzhang.net,1,0.0,0,1
1967,cdn.adjust.com,1,1.0,1,0
1980,recommendations-onet.aureus.ringpublishing.com,13,0.0,0,1
1984,pulsembed.eu,1,0.0,0,1
1986,pdk.theplatform.com,4,0.0,0,1
2015,freyr.futurecdn.net,17,0.0,0,1
2021,d.line-scdn.net,2,0.0,0,1
2118,s.lmepbq.com,4,1.0,1,0
2124,marvel-b2-cdn.bc0a.com,11,0.0,0,1
2130,cdn.raygun.io,7,0.0,0,1
2133,api.raygun.io,1,0.0,0,1
2176,aps.hearstnp.com,2,0.0,0,1
2183,p.ctpost.com,6,0.0,0,1
2188,accounts.kaleido.ai,1,0.0,0,1
2204,e2elog.fetnet.net,1,0.0,0,1
2223,api.sznplayer.cz,2,0.0,0,1
2224,spir.hit.gemius.pl,1,0.0,0,1
2238,oasjs.kataweb.it,1,1.0,1,0
2240,cdn.iubenda.com,92,0.0,0,1
2242,eulogin.gedi.it,10,0.0,0,1
2249,widget.gleamjs.io,6,0.0,0,1
2250,js.gleam.io,2,0.0,0,1
2265,code.createjs.com,14,0.0,0,1
2275,static.chartbeat.com,2,1.0,1,0
2285,adp.vnecdn.net,2,0.0,0,1
2286,la2.vnecdn.net,2,0.0,0,1
2298,livecomments.viafoura.co,7,0.0,0,1
2326,api.curator.io,5,0.0,0,1
2332,cc.cdn.civiccomputing.com,12,0.0,0,1
2334,apikeys.civiccomputing.com,13,0.0,0,1
2336,platform-api.sharethis.com,29,0.0,0,1
2337,buttons-config.sharethis.com,27,0.0,0,1
2365,dialogue.sp-prod.net,1,0.0,0,1
2377,ct.captcha-delivery.com,11,0.0,0,1
2391,assets.pinterest.com,27,0.0,0,1
2392,talon-website-prod.ak.epicgames.com,1,0.0,0,1
2395,accessibilityserver.org,2,0.0,0,1
2397,www.livejasmin.com,1,0.0,0,1
2403,js.hcaptcha.com,5,0.0,0,1
2410,cdn.opecloud.com,7,0.0,0,1
2433,static.tagboard.com,4,0.0,0,1
2440,cookies.onetrust.mgr.consensu.org,2,0.0,0,1
2448,ad.ad-arrow.com,5,0.0,0,1
2450,www.eisys-bcs.jp,1,0.0,0,1
2451,api.neverbounce.com,4,0.0,0,1
2452,js.qualified.com,3,0.0,0,1
2453,app.qualified.com,3,0.0,0,1
2458,chat-application.com,2,0.0,0,1
2468,www.dhs.gov,6,0.0,0,1
2483,api.map.baidu.com,30,0.0,0,1
2534,dvqfrkcakv3mr.cloudfront.net,3,0.0,0,1
2538,api.binance.com,8,0.0,0,1
2558,d1ls4i8l5ki52s.cloudfront.net,1,0.0,0,1
2562,t.me,2,0.0,0,1
2577,www.blog.google,1,0.0,0,1
2581,dna8twue3dlxq.cloudfront.net,13,0.0,0,1
2586,gdfp.gifshow.com,1,0.0,0,1
2620,iqbroker.co,2,0.0,0,1
2624,broker-iqoption.com,2,0.0,0,1
2639,cdn-ops.verloop.io,1,0.0,0,1
2650,mpsnare.iesnare.com,6,0.0,0,1
2662,client.px-cloud.net,6,0.0,0,1
2664,js.braintreegateway.com,15,0.0,0,1
2669,trustseal.enamad.ir,16,0.0,0,1
2678,wm.prd.borderfree.com,4,0.0,0,1
2695,app.securiti.ai,27,0.0,0,1
2705,webzj.netstatic.net,1,0.0,0,1
2735,webim.kefu.easemob.com,3,0.0,0,1
2740,asset.fireworktv.com,1,0.0,0,1
2742,trc.taboola.com,1,1.0,1,0
2749,a3-assets.s3-eu-west-1.amazonaws.com,1,0.0,0,1
2777,creativesham.blob.core.windows.net,1,0.0,0,1
2783,cdn.auth0.com,13,0.0,0,1
2821,accounts.pinterest.com,9,0.0,0,1
2841,forms.mailmunch.co,4,0.0,0,1
2861,cdn.appconsent.io,18,0.0,0,1
2862,static-lists.linternaute.com,2,0.0,0,1
2863,collector.appconsent.io,12,0.0,0,1
2888,tracert.alipay.com,1,0.0,0,1
2892,cdn.gogocdn.net,15,0.0,0,1
2927,s3-ap-southeast-1.amazonaws.com,4,0.0,0,1
2932,auth.split.io,16,0.0,0,1
2950,www.realtimestatistics.net,4,0.0,0,1
2952,cdn.concert.io,9,0.0,0,1
2969,ubistatic-a.akamaihd.net,4,0.0,0,1
2982,a.dilcdn.com,3,0.0,0,1
2991,www.asadcdn.com,7,1.0,1,0
2997,tg.a3.ag,1,0.0,0,1
3013,www.cwchmb.com,2,0.0,0,1
3014,cdn.camshq.info,2,0.0,0,1
3045,www.ancestry.de,1,0.0,0,1
3059,cdn.mxpnl.com,1,0.0,0,1
3099,cdn-public.sociabble.com,4,0.0,0,1
3101,alfred.freshworks.com,2,0.0,0,1
3137,dz9qn8fh4jznm.cloudfront.net,1,0.0,0,1
3139,r.apkpure.net,5,0.0,0,1
3156,cdn.viacomcbs-poc.top.comcast.net,2,0.0,0,1
3158,vod-gcs-edgecast.cbsaavideo.com,2,1.0,1,0
3159,cdn-sp.ts.mtvnservices.com,1,1.0,1,0
3160,vod-gcs-cloudfront.cbsaavideo.com,1,1.0,1,0
3161,vod-gcs-google.cbsaavideo.com,1,1.0,1,0
3164,mediag2481ed.airspace-f.cbsivideo.com,1,1.0,1,0
3165,vod-gcs-lumen.cbsaavideo.com,2,1.0,1,0
3166,mediag2481ed.airspace-a.cbsivideo.com,1,1.0,1,0
3168,vod-gcs-akamai.cbsaavideo.com,2,1.0,1,0
3174,static.elfsight.com,8,0.0,0,1
3175,apps.elfsight.com,4,0.0,0,1
3183,wurfl.io,6,0.0,0,1
3189,www.juicer.io,48,0.0,0,1
3194,apv-launcher.minute.ly,4,0.0,0,1
3198,cdns.us1.gigya.com,36,0.0,0,1
3200,cdn.plyr.io,8,0.0,0,1
3214,statistic.zhaopin.cn,1,0.0,0,1
3218,restapi.amap.com,2,0.0,0,1
3238,chimpstatic.com,14,0.0,0,1
3244,assets.calendly.com,11,0.0,0,1
3252,guess-web.50bangzh.com,3,0.0,0,1
3268,revi.rcs.it,3,0.0,0,1
3298,api.pixnet.cc,2,0.0,0,1
3322,blzmedia-a.akamaihd.net,5,0.0,0,1
3333,csp38.domdog.io,1,0.0,0,1
3340,catalog.api.2gis.ru,7,0.0,0,1
3342,s1.bss.2gis.com,5,0.0,0,1
3350,qoe-1.yottaa.net,7,0.0,0,1
3383,cache.consentframework.com,3,0.0,0,1
3384,choices.consentframework.com,23,0.0,0,1
3405,js.digitalriver.com,1,0.0,0,1
3424,scripts.swipepages.com,7,0.0,0,1
3436,flux-cdn.com,14,0.0,0,1
3482,connect.ok.ru,3,0.0,0,1
3486,cdn.signalfx.com,2,0.0,0,1
3508,ws.batch.com,8,0.0,0,1
3530,makeuseof-1.disqus.com,1,0.0,0,1
3533,player.propervideo.io,1,0.0,0,1
3534,propervideo.io,1,0.0,0,1
3545,c.v4dwkcv.com,2,0.0,0,1
3561,markets.businessinsider.com,1,0.0,0,1
3562,www.businessinsider.com,1,0.0,0,1
3563,my.businessinsider.com,1,0.0,0,1
3581,www.aa.com,1,0.0,0,1
3595,knrpc.olark.com,5,0.0,0,1
3596,graph.facebook.com,61,0.0,0,1
3597,api.olark.com,3,0.0,0,1
3598,sso.passport.yandex.ru,3,0.6666666666666666,1,0
3600,sso.kinopoisk.ru,1,0.0,0,1
3601,csp.yandex.net,1,0.0,0,1
3616,www.sparwelt.de,1,0.0,0,1
3619,bilder-a.akamaihd.net,6,0.0,0,1
3630,goal-com-3.disqus.com,8,0.0,0,1
3648,seal.entrust.net,2,0.0,0,1
3654,fls-na.amazon.com,10,0.0,0,1
3665,cache.img.gmo.jp,19,0.0,0,1
3666,vmss-eu.boldchat.com,1,0.0,0,1
3667,visitor-services.boldchat.com,6,0.0,0,1
3668,vms-eu.boldchat.com,2,0.0,0,1
3679,vmp-eu.boldchat.com,1,0.0,0,1
3685,iframe.ly,1,0.0,0,1
3687,sdks.shopifycdn.com,2,0.0,0,1
3692,login-static.dpgmedia.net,6,0.0,0,1
3697,myprivacy.dpgmedia.nl,2,0.0,0,1
3701,errors.aliyun.com,8,0.0,0,1
3705,api.ipstack.com,3,1.0,1,0
3727,dw-online.ksosoft.com,3,0.0,0,1
3728,shuc-js.ksord.com,10,0.0,0,1
3754,geo.battle.net,4,0.0,0,1
3765,telemetry.docusign.net,2,0.0,0,1
3777,cdn.nanosemantics.ru,1,0.0,0,1
3789,cdn.bigda.com,3,0.0,0,1
3790,hdjs.bigda.com,2,0.0,0,1
3829,boards.greenhouse.io,6,0.0,0,1
3832,prod.benchmarkemail.com,1,0.0,0,1
3843,cdns.gigya.com,22,0.0,0,1
3852,pym.nprapps.org,2,0.0,0,1
3857,cdn.cpex.cz,25,0.0,0,1
3863,cdn-images.mailchimp.com,9,0.0,0,1
3877,static.juicer.io,6,0.0,0,1
3886,mktdplp102cdn.azureedge.net,5,0.0,0,1
3930,cdn.bootcdn.net,2,0.0,0,1
3946,dk98ddgl0znzm.cloudfront.net,2,0.0,0,1
3950,cdn.scribblelive.com,2,0.0,0,1
3977,js.chargebee.com,7,0.0,0,1
3996,umlazada.alibaba.com,14,0.0,0,1
4014,entitlement.auth.adobe.com,6,0.0,0,1
4015,tvem.cdn.turner.com,2,0.0,0,1
4019,sp.auth.adobe.com,42,0.0,0,1
4020,lightning.warnermediacdn.com,2,0.0,0,1
4034,jam.api.2gis.com,2,0.0,0,1
4038,styles.api.2gis.com,2,0.0,0,1
4055,hyepcnsktcfwybh.com,2,0.0,0,1
4082,cdn.chatbot.com,14,0.0,0,1
4096,d2zv5rkii46miq.cloudfront.net,4,0.0,0,1
4113,auth.riotgames.com,2,0.0,0,1
4122,www.nbcudigitaladops.com,3,0.0,0,1
4124,stage-id.nbc.com,1,0.0,0,1
4125,platform.33across.com,1,0.0,0,1
4141,cdn.segment.com,40,0.0,0,1
4175,launchpad.privacymanager.io,6,0.0,0,1
4196,sdk.mrf.io,14,0.0,0,1
4197,flowcards.mrf.io,12,0.0,0,1
4215,uid.mavencoalition.io,5,0.0,0,1
4237,cdn.clickiocdn.com,6,0.0,0,1
4273,bigdata.downza.com,2,0.0,0,1
4275,data.videonow.ru,3,0.0,0,1
4277,sync.videonow.ru,3,0.0,0,1
4279,cdn.videonow.ru,3,0.0,0,1
4280,s.union.360.cn,19,0.0,0,1
4281,e.so.com,10,0.0,0,1
4314,edge1.certona.net,8,0.0,0,1
4317,www.res-x.com,6,0.0,0,1
4338,notifikace.seznam.cz,2,0.0,0,1
4339,qa-events-schema.viacom.tech,4,0.0,0,1
4344,events-collector-api.viacom.tech,6,0.0,0,1
4350,cdn.embed.ly,12,0.0,0,1
4353,ingov.zendesk.com,2,0.0,0,1
4361,c.woopic.com,9,0.0,0,1
4372,choices.truste.com,3,0.0,0,1
4379,shareasale-analytics.com,2,0.0,0,1
4406,dataviz.nbcnews.com,1,0.0,0,1
4409,static.registration.bluehost.com,3,0.0,0,1
4410,apps.usw2.pure.cloud,8,0.0,0,1
4447,commerce.bing.com,8,0.0,0,1
4454,directory.cookieyes.com,9,0.0,0,1
4458,cdn.gumlet.com,6,0.0,0,1
4466,rutube.news,2,0.0,0,1
4474,cdn.jetboost.io,7,0.0,0,1
4480,z.moatads.com,2,0.5,1,0
4491,bqq.gtimg.com,6,0.0,0,1
4497,webpage.qidian.qq.com,6,0.0,0,1
4509,us-central1-csp-violation-report-service.cloudfunctions.net,3,0.0,0,1
4510,analytics.bgalytics.com,1,0.0,0,1
4515,code.piano.io,16,0.0,0,1
4519,c2-ap.piano.io,12,0.0,0,1
4541,js.convertflow.co,17,0.0,0,1
4569,collector-pxosx7m0dx.px-cloud.net,2,0.0,0,1
4585,o2.mail.ru,3,0.0,0,1
4586,my2.imgsmail.ru,2,0.0,0,1
4605,sync.ecal.com,8,0.0,0,1
4619,static.advance.net,8,0.0,0,1
4621,organiccdn.io,3,0.0,0,1
4622,api.organiccdn.io,4,0.0,0,1
4635,assets.adsttc.com,13,0.0,0,1
4637,api.adsttc.com,1,0.0,0,1
4661,lf3-short.bytegoofy.com,2,0.0,0,1
4666,mon.zijieapi.com,6,0.0,0,1
4699,process.iconnode.com,1,0.0,0,1
4735,nakamasweb.com,1,1.0,1,0
4747,global.oktacdn.com,4,0.0,0,1
4751,dmm-extension.com,1,0.0,0,1
4787,c2-au.piano.io,1,0.0,0,1
4796,medya.ilan.gov.tr,6,0.0,0,1
4803,ssl.kaptcha.com,2,0.5,1,0
4846,experience-ap.piano.io,10,0.0,0,1
4857,cdn-cm.wgcdn.co,21,0.0,0,1
4946,secure.espncdn.com,8,0.0,0,1
4971,api.popin.cc,9,0.0,0,1
4982,mobileapi.tdameritrade.wallst.com,1,0.0,0,1
5002,d3fjrnfgbgznt3.cloudfront.net,4,0.0,0,1
5014,d3bniy34hlitso.cloudfront.net,1,0.0,0,1
5019,prod.purechatcdn.com,2,0.0,0,1
5020,api.purechat.com,2,0.0,0,1
5039,cdn-ru.bitrix24.ru,5,0.2,0,1
5045,i.prcdn.co,47,0.0,0,1
5061,experience.ex.co,4,0.0,0,1
5063,mcd-sdk.playbuzz.com,3,0.0,0,1
5091,assets.cdnppb.net,5,0.0,0,1
5095,app.optimalworkshop.com,1,0.0,0,1
5099,storage.pardot.com,4,0.0,0,1
5100,malsup.github.io,3,0.0,0,1
5107,snglr.s3.amazonaws.com,1,0.0,0,1
5112,builder-assets.unbounce.com,9,0.0,0,1
5124,t.quandangdang.net,2,0.0,0,1
5155,tr.api.itmedia.jp,1,0.0,0,1
5160,static.axept.io,2,0.0,0,1
5161,client.axept.io,2,0.0,0,1
5169,gatr.hit.gemius.pl,2,0.0,0,1
5178,dsms0mj1bbhn4.cloudfront.net,2,0.0,0,1
5198,zmeli.zapps.vn,2,0.0,0,1
5202,feliz-web.data.tm-awx.com,2,0.0,0,1
5219,www.googletagservices.com,4,0.0,0,1
5230,static.srcspot.com,2,0.0,0,1
5247,d1f8f9xcsvx3ha.cloudfront.net,6,0.0,0,1
5320,cdn.petametrics.com,1,1.0,1,0
5321,embed.air.tv,2,0.0,0,1
5322,cdn-sp-s3.air.tv,2,0.0,0,1
5328,cdn.socket.io,2,0.0,0,1
5342,getintopcofficial.disqus.com,1,0.0,0,1
5361,vmss.boldchat.com,5,0.0,0,1
5363,vms.boldchat.com,10,0.0,0,1
5375,embed.acast.com,5,0.0,0,1
5426,cdn.qgraph.io,1,0.0,0,1
5444,chat-s3.quickcep.com,4,0.0,0,1
5445,cdn.bizibly.com,2,0.0,0,1
5450,c.go-fet.ch,9,0.0,0,1
5456,wchat.freshchat.com,12,0.0,0,1
5467,acjs.aliyun.com,1,0.0,0,1
5476,v2.zopim.com,7,0.0,0,1
5483,www.usanetwork.com,1,0.0,0,1
5484,tpc.googlesyndication.com,1,1.0,1,0
5485,friendship.nbc.co,2,0.0,0,1
5505,scholar.google.com,8,0.0,0,1
5512,c.seznam.cz,1,0.0,0,1
5513,suggest.seznam.cz,2,0.0,0,1
5545,yorku.apparmor.com,1,0.0,0,1
5590,js-eu1.hs-scripts.com,3,0.0,0,1
5598,hb.20m.es,2,0.0,0,1
5603,d88f3ym7dkyv7.cloudfront.net,1,0.0,0,1
5631,d2i34c80a0ftze.cloudfront.net,2,0.0,0,1
5689,aldeb-zeu.com,1,0.0,0,1
5718,livechatv2.chat2desk.com,5,0.0,0,1
5725,api-maps.yandex.ru,31,0.0,0,1
5738,fiu.apparmor.com,1,0.0,0,1
5786,d226aj4ao1t61q.cloudfront.net,2,0.0,0,1
5791,time-ak.alicdn.com,5,0.0,0,1
5800,assets.minutemediacdn.com,2,0.0,0,1
5805,7yrinu.tdum.alibaba.com,1,0.0,0,1
5820,idm.skplanet.com,1,0.0,0,1
5834,images.dmca.com,14,0.0,0,1
5884,apps.pa.egov.com,1,0.0,0,1
5903,app.chatplus.jp,3,0.0,0,1
5939,csm.cxpublic.com,9,0.0,0,1
5948,api.flickr.com,2,0.0,0,1
5953,stc-sp.zingcdn.me,2,0.0,0,1
5954,sp.zalo.me,3,0.0,0,1
5971,web.facebook.com,4,0.0,0,1
5992,click.suning.cn,5,0.0,0,1
5997,sa.suning.cn,4,0.0,0,1
6050,motor-cdn.prensaiberica.es,2,0.0,0,1
6051,experience-eu.piano.io,4,0.0,0,1
6066,widget.replain.cc,4,0.0,0,1
6077,yameyou.com,4,0.0,0,1
6079,user-analysis.7moor.com,1,0.0,0,1
6097,www.buzzsprout.com,3,0.0,0,1
6100,cdn.tailwindcss.com,1,0.0,0,1
6111,cdn.webpush.jp,1,0.0,0,1
6112,hummingbirdwebsocket-va7.cloud.adobe.io,1,0.0,0,1
6127,js.dhresource.com,10,0.0,0,1
6132,rt.adtiming.com,1,0.0,0,1
6133,img.adtiming.com,1,0.0,0,1
6135,shopper.shop.pe,3,0.0,0,1
6141,cdn.calibermind.com,2,0.0,0,1
6144,cdn.metarouter.io,3,0.0,0,1
6145,e.metarouter.io,6,0.0,0,1
6149,assets.contently.com,2,0.0,0,1
6179,apps.mypurecloud.de,3,0.0,0,1
6185,sso.qs.com,3,0.0,0,1
6209,diviner.jd.com,1,0.0,0,1
6240,cdn.fundraiseup.com,8,0.0,0,1
6263,embedsocial.com,8,0.0,0,1
6280,apps.bdimg.com,5,0.0,0,1
6299,cdn.split.io,3,0.0,0,1
6312,global.localizecdn.com,15,0.0,0,1
6320,chart.googleapis.com,1,0.0,0,1
6340,st.chatango.com,5,0.0,0,1
6349,www.fuzeqna.com,2,0.0,0,1
6377,mtusgate.de,1,0.0,0,1
6411,go.ezoic.net,5,0.0,0,1
6463,metrics.apac.vesta.io,1,0.0,0,1
6480,static3.lietou-static.com,1,0.0,0,1
6485,embedr.flickr.com,2,0.0,0,1
6508,dezeenhq.disqus.com,6,0.0,0,1
6545,d9cept41duxjf.cloudfront.net,4,0.0,0,1
6560,static.solarwinds.com,3,0.0,0,1
6561,referrer.solarwinds.com,6,0.0,0,1
6580,www.baymaxchat.com,2,0.0,0,1
6594,assets.bnidx.com,2,0.0,0,1
6595,image.providesupport.com,10,0.0,0,1
6611,autolinkmaker.itunes.apple.com,3,0.0,0,1
6612,phoenix.nextit.com,5,0.0,0,1
6701,tech.rtb.mts.ru,4,0.0,0,1
6705,sla.tlprt.cloud,1,0.0,0,1
6717,dynatrace.att.com,1,0.0,0,1
6731,assets.newrepublic.com,2,0.0,0,1
6755,depst-mara-prod1-decisionhub.pegacloud.net,2,0.0,0,1
6782,pinformer.sinoptik.ua,1,0.0,0,1
6805,ad.thsi.cn,5,0.0,0,1
6815,apiwmda.58.com.cn,2,0.0,0,1
6857,res-r.lfjack.com,4,0.0,0,1
6860,bi.pst.tech,3,0.0,0,1
6862,api.dmcdn.net,5,0.0,0,1
6905,askjulie2.nextit.com,3,0.0,0,1
6913,spt.performgroup.com,2,0.0,0,1
6914,geo.query.yahoo.com,1,0.0,0,1
6941,d29usylhdk1xyu.cloudfront.net,9,0.0,0,1
6967,snssdk.gatedata.org,4,0.0,0,1
6974,adv-pubmanager-dev.s3-sa-east-1.amazonaws.com,1,0.0,0,1
7010,app-sj13.marketo.com,2,0.0,0,1
7011,collider-3.disqus.com,1,0.0,0,1
7013,api.moonpay.io,5,0.0,0,1
7040,strm.yandex.ru,4,0.0,0,1
7050,parsley.detik.com,2,0.0,0,1
7055,hcaptcha.com,7,0.0,0,1
7122,adminplayer.sohatv.vn,6,0.0,0,1
7124,ovp.sohatv.vn,2,0.0,0,1
7129,static.trunkpkg.com,2,0.0,0,1
7130,deqik.com,2,0.0,0,1
7133,vccorp.mediacdn.vn,2,0.0,0,1
7136,sharefb.cnnd.vn,1,0.0,0,1
7161,lists.ccmbg.com,3,0.0,0,1
7175,resources.yaiser.com,1,1.0,1,0
7198,api.activecalendar.com,2,0.0,0,1
7215,events-web.meeshoapi.com,2,0.0,0,1
7222,thegatewaypundit.disqus.com,4,0.0,0,1
7226,store.externulls.com,2,0.0,0,1
7229,s-cdn.rmp.rakuten.co.jp,5,0.0,0,1
7231,s-ad.rmp.rakuten.co.jp,4,0.0,0,1
7240,resources.digital-cloud.medallia.ca,6,0.0,0,1
7244,cdn.shareaholic.net,3,0.0,0,1
7246,worldstar.disqus.com,25,0.0,0,1
7250,vmp.boldchat.com,4,0.0,0,1
7252,js.recurly.com,4,0.0,0,1
7255,profile.ngpvan.com,8,0.0,0,1
7257,secure.everyaction.com,10,0.0,0,1
7272,metal.calltracking.ru,5,0.0,0,1
7286,d319npt3v4xvhs.cloudfront.net,5,0.0,0,1
7288,cdn.bc0a.com,3,0.0,0,1
7297,cdn.cookie-script.com,2,0.0,0,1
7304,t.xuchuang.com,58,0.0,0,1
7350,liveuamapcom.disqus.com,2,0.0,0,1
7367,api.prntscr.com,4,0.0,0,1
7368,prntscr.com,4,0.0,0,1
7377,lunchroomlock.com,2,0.0,0,1
7379,pc.pay.youku.com,1,0.0,0,1
7380,account.youku.com,1,0.0,0,1
7381,lstat.youku.com,1,0.0,0,1
7413,secure.vindicia.com,6,0.0,0,1
7436,handshake.gravito.net,1,0.0,0,1
7449,api.lever.co,6,0.0,0,1
7451,www.heytapmobi.com,2,0.0,0,1
7454,geoapi.indiatimes.com,2,0.0,0,1
7464,cdn.radiantmediatechs.com,5,0.0,0,1
7471,cdn.nocodeflow.net,2,0.0,0,1
7478,cdn.mailerlite.com,12,0.0,0,1
7499,ubt-sin.tripcdn.com,3,0.0,0,1
7521,itscenter.alipay.com,2,0.0,0,1
7535,dem.shopee.com,4,0.0,0,1
7537,c-api-bit.shopeemobile.com,2,0.0,0,1
7570,cdn1-gae-ssl-default.akamaized.net,4,0.0,0,1
7579,front-perf.like-video.com,8,0.0,0,1
7582,static-web.likeevideo.com,7,0.0,0,1
7583,support-json.like.video,28,0.0,0,1
7611,www.webseed.com,1,0.0,0,1
7624,tili.sanoma.fi,2,0.0,0,1
7631,chat-assets.frontapp.com,2,0.0,0,1
7637,onenavigation-ht.project1content.com,2,0.0,0,1
7645,be.moresatisfied.com,1,0.0,0,1
7700,www.googlecommerce.com,2,0.0,0,1
7703,js.chilipiper.com,6,0.0,0,1
7726,f49rvkeckz-dsn.algolia.net,4,0.0,0,1
7736,easyredirects.esc-apps-cdn.com,2,0.0,0,1
7737,sailshopify-webhooks-prod.herokuapp.com,3,0.0,0,1
7747,tj1.youzanyun.com,1,0.0,0,1
7756,realtime.bbcl.cl,1,0.0,0,1
7757,rudo.video,2,0.0,0,1
7758,unlimited1-us.dps.live,2,0.0,0,1
7778,core.dimatter.ai,2,0.0,0,1
7782,api.uptimerobot.com,2,0.0,0,1
7801,b0.yahoo.co.jp,2,0.0,0,1
7825,elements.widget.shopbonsai.ca,2,0.0,0,1
7827,empirecdn.io,2,0.0,0,1
7852,api.ffmapi.com,2,0.0,0,1
7871,netdreamersad.durasite.net,5,0.0,0,1
7872,bbs.pc.keiba.findfriends.jp,3,0.0,0,1
7884,cdn.blueconic.net,1,1.0,1,0
7940,addsearch.com,8,0.0,0,1
7956,accounts.tatadigital.com,3,0.0,0,1
8007,www.supportsrc.com,4,0.0,0,1
8017,cdn-gateflipp.flippback.com,2,0.0,0,1
8018,gateflipp.flippback.com,2,0.0,0,1
8022,cdn.tsyndicate.com,1,1.0,1,0
8024,www.iolam.it,3,0.0,0,1
8050,www.activekids.com,1,0.0,0,1
8060,geo.dailymotion.com,6,0.0,0,1
8083,gyncast.podigee.io,2,0.0,0,1
8092,www.webglearth.com,1,0.0,0,1
8094,mercury.akamaized.net,3,0.0,0,1
8192,jic.talkingdata.com,3,0.0,0,1
8194,discuzq-0gxi1bn2969fa48d.service.tcloudbase.com,1,0.0,0,1
8208,sf.ezoiccdn.com,2,0.0,0,1
8252,panel.adtodate.net,4,0.0,0,1
8256,cdn.sanjagh.com,11,0.0,0,1
8257,api.sanjagh.com,12,0.0,0,1
8276,check.ddos-guard.net,4,0.0,0,1
8336,js.pelcro.com,10,0.0,0,1
8337,insidehighered.disqus.com,1,0.0,0,1
8347,platform.tumblr.com,3,0.0,0,1
8350,scdn.cxense.com,2,0.0,0,1
8357,hbpulse.azurefd.net,4,0.0,0,1
8417,wwfglobalbackup.disqus.com,1,0.0,0,1
8450,widgets.figshare.com,3,0.0,0,1
8523,srvr.dmvs-apac.com,7,0.0,0,1
8525,api.dailymotion.com,5,0.0,0,1
8544,cdn.predpovede.topky.sk,1,0.0,0,1
8546,gask.hit.gemius.pl,1,0.0,0,1
8552,pinpoint.espn.com,8,0.0,0,1
8553,api.abcotvs.com,6,0.0,0,1
8559,sur46em8q2.execute-api.us-east-1.amazonaws.com,2,0.0,0,1
8565,qiyukf.com,15,0.0,0,1
8582,plausible.io,3,0.0,0,1
8603,ipcheck.tmgrup.com.tr,5,0.0,0,1
8628,conversation.ultainc.com,1,0.0,0,1
8637,api.userback.io,2,0.0,0,1
8646,code.highcharts.com,11,0.0,0,1
8675,urbn.my.salesforce.com,2,0.0,0,1
8709,external-iad3-1.xx.fbcdn.net,4,0.0,0,1
8744,geoip.alm.com,1,0.0,0,1
8806,stt.nvidia.com,1,1.0,1,0
8822,static.wi-fi.ru,4,0.0,0,1
8825,s02.yapfiles.ru,2,0.0,0,1
8833,vacadapter.vap.expedia.com,2,0.0,0,1
8834,vac.vap.expedia.com,10,0.0,0,1
8842,static-na.payments-amazon.com,5,0.0,0,1
8844,payments.amazon.com,3,0.0,0,1
8853,docs.google.com,7,0.0,0,1
8877,ctx.citiservi.es,1,0.0,0,1
8887,electrek.disqus.com,6,0.0,0,1
8892,mediaite.disqus.com,4,0.0,0,1
8893,ads.adthrive.com,3,0.3333333333333333,0,1
8912,sakshi.yodasoft.in,9,0.0,0,1
8934,widgets.getpocket.com,3,0.0,0,1
8944,rurtb.viadata.store,3,0.0,0,1
8966,www.notebookchat.com,1,0.0,0,1
8981,embed.tawk.to,75,0.0,0,1
8987,va.tawk.to,12,0.0,0,1
8988,front.smartwishlist.webmarked.net,1,0.0,0,1
9016,cdn1.affirm.com,4,0.0,0,1
9025,tags.news.com.au,2,1.0,1,0
9027,mhr.talk.news.com.au,3,0.0,0,1
9048,api.bazaarvoice.com,3,0.0,0,1
9138,lpgs.chatbro.com,1,0.0,0,1
9224,firstvds.chathost.ru,1,0.0,0,1
9225,api.carrotquest.app,1,0.0,0,1
9258,tracking02.adweb.co.kr,1,0.0,0,1
9263,mc.gdz.work,1,0.0,0,1
9281,code.ainsyndication.com,4,0.0,0,1
9282,adviad.com,1,0.0,0,1
9314,c2y23vzfb5cg.statuspage.io,2,0.0,0,1
9316,fluid.4strokemedia.com,2,0.5,1,0
9335,s.viostream.com,2,0.0,0,1
9377,data.eu.pendo.io,2,0.0,0,1
9389,d3js.org,7,0.0,0,1
9403,api.bntech.io,1,1.0,1,0
9411,sgqcvfjvr.onet.pl,15,0.0,0,1
9417,f.convertkit.com,2,0.0,0,1
9459,currol.com,1,1.0,1,0
9479,app-ab10.marketo.com,8,0.0,0,1
9517,insight.notified.com,1,0.0,0,1
9557,actions.everyaction.com,9,0.0,0,1
9587,s2.getsitecontrol.com,3,0.0,0,1
9588,events.getsitectrl.com,3,0.0,0,1
9606,delivery.1tag.dentsu.de,2,0.0,0,1
9664,l.getsitecontrol.com,10,0.0,0,1
9710,mosaic.unite.com,3,0.0,0,1
9713,glance-chatbot.s3.amazonaws.com,2,0.0,0,1
9714,embed.secondstreetapp.com,1,0.0,0,1
9716,8idf2m851i.execute-api.us-east-1.amazonaws.com,4,0.0,0,1
9724,front.optimonk.com,6,0.0,0,1
9731,sp.vtex.com,2,1.0,1,0
9741,track.unidata.ai,2,0.0,0,1
9743,rss.oneindia.com,7,0.0,0,1
9746,gapi.oneindia.com,2,0.0,0,1
9754,androidpolice.disqus.com,5,0.0,0,1
9777,booktoki148.com,2,0.0,0,1
9781,www.trumba.com,6,0.0,0,1
9822,lib.sinaapp.com,2,0.0,0,1
9837,cdn.piano.io,1,0.0,0,1
9893,hello-magazine.froomle.com,2,1.0,1,0
9936,propsid.b-cdn.net,2,0.0,0,1
9978,discovery.evvnt.com,3,0.0,0,1
10055,marketo.clearbit.com,1,1.0,1,0
10163,bulk-noindex-sitemap.helloshopowner.com,1,0.0,0,1
10199,stat.pravdafrance.com,1,0.0,0,1
10201,rucdn.viadata.store,5,0.0,0,1
10211,interesting-engineering.froomle.com,2,1.0,1,0
10214,logger.bzu.kr,3,1.0,1,0
10220,acelogger.heraldcorp.com,1,1.0,1,0
10221,vieb2b.dnofd.com,6,0.0,0,1
10224,s.dnofd.com,1,0.0,0,1
10302,cdn.gsght.com,2,0.0,0,1
10332,prod-api.neimanmarcuscloud.com,1,0.0,0,1
10334,snamwpm.eccmp.com,1,0.0,0,1
10369,anon.oauth.cimpress.io,2,0.0,0,1
10373,pricing-context-service.products.vpsvc.com,2,0.0,0,1
10394,storifyme.com,1,0.0,0,1
10409,r.lr-in-prod.com,2,0.0,0,1
10415,static.narvii.com,3,0.0,0,1
10425,whatfix.com,2,0.0,0,1
10426,www.marketdatasystems.com,1,0.0,0,1
10431,pz.unkemptscance.com,1,1.0,1,0
10492,service.mtcaptcha.com,3,0.0,0,1
10493,service2.mtcaptcha.com,2,0.0,0,1
10563,tracking.vnncdn.net,1,0.0,0,1
10599,s-vop.sundaysky.com,2,0.0,0,1
10672,digifinex.zendesk.com,2,0.0,0,1
10774,webbot.admithub.com,4,0.0,0,1
10798,delivery.r2b2.cz,4,0.0,0,1
10804,sso.ya.ru,1,0.0,0,1
10814,st.dynamicyield.com,1,0.0,0,1
10827,fitgirl-repacks-site.disqus.com,2,0.0,0,1
10845,cdn.vuukle.com,2,0.0,0,1
10859,everett-tpweb.newsengin.com,1,0.0,0,1
10864,heraldnet-wa.newsmemory.com,1,0.0,0,1
10882,9to5googleprod.disqus.com,1,0.0,0,1
10886,dl906josmvu2y.cloudfront.net,2,0.0,0,1
10950,elephant.likr.com.tw,2,0.0,0,1
10967,api.wo-cloud.com,1,0.0,0,1
10971,service.gd.gov.cn,1,0.0,0,1
10988,www.powr.io,3,0.0,0,1
11015,economia.awesomeapi.com.br,1,0.0,0,1
11016,micro.rubiconproject.com,1,1.0,1,0
11038,cookie-script.com,3,0.0,0,1
11045,apkmirror.disqus.com,7,0.0,0,1
11048,api.aws.parking.godaddy.com,6,1.0,1,0
11052,app.link,1,0.0,0,1
11053,uad8jqnnkh.execute-api.us-east-1.amazonaws.com,2,0.0,0,1
11073,sdk.conscent.in,1,0.0,0,1
11074,api.conscent.in,1,0.0,0,1
11084,solitaire.web.mobilityware.com,1,0.0,0,1
11086,bianji.xiegw.cn,1,0.0,0,1
11168,den20ao97i7v1.cloudfront.net,1,0.0,0,1
11216,graphics.afpforum.com,2,0.0,0,1
11244,pay.google.com,4,0.0,0,1
11255,pahter.tech,1,0.0,0,1
11259,st.getsitecontrol.com,1,0.0,0,1
11277,live.zonebourse.com,4,0.0,0,1
11337,epromos.ubmcanon.com,2,0.0,0,1
11349,videosvc.ezoic.com,1,0.0,0,1
11408,cdn.amcharts.com,5,0.0,0,1
11411,widget.svk-native.ru,2,0.0,0,1
11413,www.day.az,3,0.0,0,1
11422,gsght.com,1,0.0,0,1
11492,www.mygov.in,1,0.0,0,1
11506,eu.cookie-script.com,2,0.0,0,1
11516,pool.journalmedia.ie,4,0.0,0,1
11548,tenor.wargaming.net,1,0.0,0,1
11577,cdn.consentframework.com,2,0.0,0,1
11581,statad.ru,1,0.0,0,1
11623,tracker.adreadyclick.com,2,0.0,0,1
11643,lapblra5do4j7rfit7e.com,2,1.0,1,0
11687,view.atdmt.com,1,1.0,1,0
11756,liveux.netcentric.biz,1,1.0,1,0
11824,movieweb-1.disqus.com,1,0.0,0,1
11892,sec.bigo.sg,1,0.0,0,1
11981,apay-us.amazon.com,1,0.0,0,1
11990,cta-cf.bc0a.com,1,0.0,0,1
12003,code.responsivevoice.org,1,0.0,0,1
12013,eero-dev.myshopify.com,5,0.0,0,1
12014,im-cleantechnica.disqus.com,1,0.0,0,1
12018,11b56478c.ir0.webengage.co,1,0.0,0,1
12168,worldtimeapi.org,1,0.0,0,1
12174,adtest.pages.dev,1,0.0,0,1
12192,touchpoint-sdk.visioncritical.com,1,0.0,0,1
12256,p-events.ivideosmart.com,2,0.0,0,1
12291,cdn.adt567.net,1,0.0,0,1
12310,delivery.sharplink.us,12,0.0,0,1
12311,preferences.truste.com,2,0.0,0,1
12312,apv-static.tldw.me,1,1.0,1,0
12314,demo.tldw.me,2,1.0,1,0
12326,cdk.shopmsg.me,1,0.0,0,1
12339,jtracking.lulusoft.com,1,0.0,0,1
12420,cdn1.adoberesources.net,1,0.0,0,1
12459,events-logs.doctolib.com,14,1.0,1,0
12465,seal-dc-easternpa.bbb.org,1,0.0,0,1
12496,assistant.corover.mobi,3,0.0,0,1
12522,log-api.aplus.emas-poc.com,1,0.0,0,1
12563,www.adda247.in,2,0.0,0,1
12602,ssp.imedia.cz,4,0.0,0,1
12696,track.adspire.io,1,0.0,0,1
12697,stolotoru.webim.ru,2,0.0,0,1
12710,ocw.messagebird.com,2,0.0,0,1
12714,tracking.3ds.com,4,0.0,0,1
12769,consent.cookiebot.eu,4,0.0,0,1
12814,demotywatory.pl,1,0.0,0,1
12856,cross-x-frame.s3.us-east-2.amazonaws.com,1,0.0,0,1
12882,libs.coremetrics.com,3,0.0,0,1
12908,www.octafx.cc,3,0.0,0,1
12915,connect.bolt.com,2,0.0,0,1
12917,fvr-cdn.truefitcorp.com,1,0.0,0,1
12918,web.global-e.com,5,0.0,0,1
12924,forever21.usablenet.com,2,0.0,0,1
12929,behaveapi.wpengine.com,1,0.0,0,1
12980,relay.logicanalytics.io,27,1.0,1,0
12999,earthskyscience.disqus.com,1,0.0,0,1
13048,placeit-images.s3.amazonaws.com,2,0.0,0,1
13086,www.podme.id,1,0.0,0,1
13151,g10300385420.co,2,0.0,0,1
13189,utility.rogersmedia.com,2,0.0,0,1
13199,widgets.reevoo.com,2,0.0,0,1
13225,cdn.levelaccess.net,2,0.0,0,1
13226,assets.pxlecdn.com,4,0.0,0,1
13251,js.blozoo.info,3,0.0,0,1
13252,cache.blozoo.info,2,0.0,0,1
13253,image.blozoo.info,9,0.0,0,1
13254,js.blozoo.com,1,0.0,0,1
13326,static.gazeta.pl,1,0.0,0,1
13328,bis.gazeta.pl,1,0.0,0,1
13329,liquid.agora.pl,1,0.0,0,1
13330,gazeta.hit.gemius.pl,2,0.0,0,1
13343,zen.yandex.ru,2,0.0,0,1
13372,buttons.github.io,1,0.0,0,1
13422,dccomics-shop.myshopify.com,2,0.0,0,1
13428,cdn2.cache.vn,1,0.0,0,1
13492,cp.onicon.ru,1,0.0,0,1
13516,open.weixin.qq.com,1,0.0,0,1
13527,dygassets.dygdigital.com,1,0.0,0,1
13569,us-content.vergic.com,1,0.0,0,1
13591,app.marketo.com,1,0.0,0,1
13603,apilist.tronscanapi.com,4,0.0,0,1
13683,webchat.exceed.ai,2,0.0,0,1
13793,99.dnpz123.com,1,0.0,0,1
13921,pub.searchiq.co,2,0.0,0,1
13922,geo.gorillanation.com,1,0.0,0,1
13924,static.searchiq.co,6,0.0,0,1
13996,at.aldeaamputee.com,1,1.0,1,0
14006,track.socialnow.site,1,0.0,0,1
14009,xq.disrobegilded.com,1,1.0,1,0
14033,ac.ajur.info,1,0.0,0,1
14106,cdn.wishpond.net,3,0.0,0,1
14110,bookie.wishpond.com,2,0.0,0,1
14150,8c11ebd904100d.rogersmedia.com,1,0.0,0,1
14153,cdn.feedbackify.com,1,0.0,0,1
14170,ys.curietplatly.com,1,1.0,1,0
14200,info.weather.yandex.net,1,0.0,0,1
14222,chart.financialcontent.com,1,0.0,0,1
14226,membercenter-sdk.cmg.com,2,0.0,0,1
14244,www.beian.suzhou.gov.cn,2,0.0,0,1
14286,premiumtimes.disqus.com,1,0.0,0,1
14287,app.ecwid.com,1,0.0,0,1
14313,www.adjetter.com,1,0.0,0,1
14321,guvendamgasi.org.tr,1,0.0,0,1
14329,images.elbotola.com,2,0.0,0,1
14342,sdk.nsureapi.com,4,0.0,0,1
14412,analytics.madgex.com,1,0.0,0,1
14430,ymg.teraboxcdn.com,1,0.0,0,1
14456,cdn.cityspark.com,2,0.0,0,1
14458,p.cityspark.com,2,0.0,0,1
14475,dfp.suning.com,9,0.0,0,1
14478,mediamax.suning.com,2,0.0,0,1
14507,www.ccpmtrk.com,1,0.0,0,1
14508,rss-loader.com,2,0.0,0,1
14527,m.q-success.com,1,0.0,0,1
14556,md.tvzhe.com,4,0.0,0,1
14576,i1.daumcdn.net,1,0.0,0,1
14586,events.auth.gid.ru,2,0.0,0,1
14600,blastieliatris.com,1,1.0,1,0
14648,a.exosrv.com,1,1.0,1,0
14706,03nwj0csy5.execute-api.ap-south-1.amazonaws.com,1,0.0,0,1
14718,news-yepoce.com,2,0.0,0,1
14799,www.adriamediacontent.com,3,0.0,0,1
14869,push.daksham.in,1,0.0,0,1
14875,xr.sapagallic.com,1,1.0,1,0
14898,whatson.titantv.com,1,0.0,0,1
14912,tr.usergram.info,2,0.0,0,1
14916,views.scientific-python.org,2,0.0,0,1
14950,astutebot.com,1,0.0,0,1
14961,c.deadlinefunnel.com,1,0.0,0,1
14981,beacon.video.llnw.net,2,0.0,0,1
15007,c0.avaamo.com,1,0.0,0,1
15013,api.kyruus.com,1,0.0,0,1
15021,quanta-mag.disqus.com,3,0.0,0,1
