Node,True Label,Predicted Label
fonts.gstatic.com,0,1
www.youtube.com,0,1
twitter.com,0,1
fonts.googleapis.com,0,1
www.gstatic.com,0,1
cdn.cookielaw.org,0,1
geolocation.onetrust.com,0,1
www.baidu.com,0,1
www.instagram.com,0,1
mem.gfx.ms,0,1
accounts.google.com,0,1
appleid.cdn-apple.com,0,1
jnn-pa.googleapis.com,0,1
cedexis-test.akamaized.net,0,1
ptcfc.com,0,1
benchmark.1e100cdn.net,0,1
essl-cdxs.edgekey.net,0,1
dr3fr5q4g2ul9.cloudfront.net,0,1
d2ef20sk9hi1u3.cloudfront.net,0,1
wa.gtimg.com,0,1
s.pinimg.com,0,1
www.bing.com,0,1
www.recaptcha.net,0,1
login.microsoftonline.com,0,1
www.redditstatic.com,0,1
marketingplatform.google.com,0,1
ajax.googleapis.com,0,1
wcpstatic.microsoft.com,0,1
use.typekit.net,0,1
vimeo.com,0,1
unpkg.zhimg.com,0,1
js.monitor.azure.com,0,1
adobe.tt.omtrdc.net,0,1
static.ada.support,0,1
browser.events.data.microsoft.com,0,1
cstaticdun.126.net,0,1
cdn3.optimizely.com,0,1
rollout.ada.support,0,1
c.dun.163.com,0,1
acstatic-dun.126.net,0,1
acstatic.dun.163yun.com,0,1
cstaticdun1.126.net,0,1
wordpress.com,0,1
consentmanager.mgr.consensu.org,0,1
public.profitwell.com,0,1
cdn.optimizely.com,0,1
ya.ru,0,1
cdn.jsdelivr.net,0,1
favicon.yandex.net,0,1
webpulse.imgsmail.ru,0,1
pulse.imgsmail.ru,0,1
node.setupad.com,0,1
ysa-static.passport.yandex.ru,0,1
sync.magnitent.com,0,1
apis.google.com,0,1
unpkg.com,0,1
ynuf.aliapp.org,0,1
login.sina.com.cn,0,1
wkbrs1.tingyun.com,0,1
s20.tiktokcdn.com,0,1
www.xvideos.com,0,1
banners-cdn77.trafficfactory.biz,1,0
mcs-va.tiktokv.com,1,0
mon-va.byteoversea.com,1,0
www.paypalobjects.com,0,1
cdnjs.cloudflare.com,0,1
hw-cdn.trafficjunky.net,1,0
ss.phncdn.com,0,1
login.live.com,0,1
pluto.sina.cn,0,1
hq.sinajs.cn,0,1
s.weibo.com,0,1
iteratehq.com,0,1
sspapi.zenyou.71360.com,0,1
accdn.lpsnmedia.net,0,1
ip.leju.com,0,1
b.zenyou.71360.com,0,1
39d0825d09f05.cdn.sohucs.com,0,1
fls-na.amazon.com,0,1
l.evidon.com,0,1
adv-sv-show.focus.cn,0,1
vidoomy-d.openx.net,1,0
match.taboola.com,0,1
imp.optaim.com,1,0
www.cisco.com,0,1
static-assets.highwebmedia.com,0,1
tags.tiqcdn.com,0,1
video-edge-4d1f1c.pdx01.abs.hls.ttvnw.net,0,1
mboxedge37.tt.omtrdc.net,0,1
usher.ttvnw.net,0,1
video-weaver.ams03.hls.ttvnw.net,0,1
cdn.apple-cloudkit.com,0,1
static.scroll.com,0,1
www.booking.com,0,1
www.dailymail.co.uk,0,1
consent.trustarc.com,0,1
cdn-api.weglot.com,0,1
assoc-fe.associates-amazon.com,0,1
hulkprod.anm.co.uk,0,1
desa.fkapi.net,0,1
consent-pref.trustarc.com,0,1
desr.fkapi.net,0,1
imasdk.googleapis.com,0,1
d.oracleinfinity.io,1,0
cmp.dmgmediaprivacy.co.uk,0,1
cse.google.com,0,1
clients1.google.com,0,1
www.wix.com,0,1
siteassets.parastorage.com,0,1
manage.editorx.com,0,1
roblox-api.arkoselabs.com,0,1
bundler.wix-code.com,0,1
quantcast.mgr.consensu.org,0,1
api.ipify.org,0,1
api.wsj.net,0,1
video-api.shdsvc.dowjones.io,0,1
wsjstream.wsj.net,0,1
api-secure.wsj.net,0,1
445b2eba1211f043d37dc4994c50112384f41204.cws.conviva.com,1,0
script.crazyegg.com,1,0
fastly-insights.com,1,0
aeis.alicdn.com,0,1
idmsa.apple.com,0,1
widgets.outbrain.com,0,1
assets.bounceexchange.com,1,0
us.ynuf.aliapp.org,0,1
odb.outbrain.com,0,1
sync-t1.taboola.com,0,1
a.twiago.com,0,1
s.thebrighttag.com,0,1
events.bouncex.net,0,1
www.googleapis.com,0,1
trustarc.mgr.consensu.org,0,1
prebid.the-ozone-project.com,1,0
bbc.gscontxt.net,0,1
domains.google.com,0,1
www.youtube-nocookie.com,0,1
xhamster.com,0,1
gdpr-tcfv2.sp-prod.net,0,1
www.asadcdn.com,1,0
experience.tinypass.com,0,1
cdn.tinypass.com,0,1
bilder-a.akamaihd.net,0,1
cdn.bizibly.com,0,1
confiant-integrations.freetls.fastly.net,0,1
intl.aliyun.com,0,1
cmp.osano.com,0,1
retcode.alicdn.com,0,1
cnstrc.com,0,1
mbsug.ssl.so.com,0,1
cdn.adgrx.com,1,0
rtb.adgrx.com,1,0
tattle.api.osano.com,0,1
xray.mail.ru,1,0
a.pixiv.org,0,1
cdn.onesignal.com,0,1
code.jquery.com,0,1
auth.services.adobe.com,0,1
adobeid-na1.services.adobe.com,0,1
cdn.ravenjs.com,0,1
api.www.s81c.com,0,1
geo2.adobe.com,0,1
webql-redesign.cnbcfm.com,0,1
code.cake017.ru,0,1
image.sendsay.ru,0,1
tech.rtb.mts.ru,0,1
pro.ip-api.com,0,1
whitesaas.com,0,1
tbskip.taobao.com,0,1
js.media-lab.ai,0,1
kendo.cdn.telerik.com,0,1
dev.visualwebsiteoptimizer.com,0,1
test.cmp.quantcast.com,0,1
consent.cookiebot.com,0,1
consentcdn.cookiebot.com,0,1
gateway.foresee.com,1,0
badges.altmetric.com,0,1
js.aq.qq.com,0,1
vjs.zencdn.net,0,1
compass-v2.deliverimp.com,0,1
cdn.topsrvimp.com,0,1
map.brightcove.com,0,1
sa-lb.deliverimp.com,0,1
lb.eu-1-id5-sync.com,0,1
api.saasexch.com,0,1
d-ipv6.mmapiws.com,0,1
ads.yahoo.com,0,1
sa-cs.deliverimp.com,0,1
s.marvellousmachine.net,0,1
b.wal.co,0,1
user.360kuai.com,0,1
socm.dmp.360.cn,0,1
papi.look.360.cn,0,1
query.rec.360.cn,0,1
news.qhstatic.com,0,1
www.aparat.com,0,1
logo.samandehi.ir,0,1
a3.espncdn.com,0,1
a4.espncdn.com,0,1
a2.espncdn.com,0,1
cdn.registerdisney.go.com,0,1
secure.espncdn.com,0,1
api.ringlead.com,0,1
embed.acuityscheduling.com,0,1
d3e54v103j8qbb.cloudfront.net,0,1
cdn.polyfill.io,0,1
rumjs.rumito.net,0,1
wchat.freshchat.com,0,1
rumjs.constellix.net,0,1
cookies-data.onetrust.io,0,1
akcdnoversea.inter.71edge.com,0,1
fast.wistia.net,0,1
prod.smassets.net,0,1
js.usemessages.com,0,1
js.hubspotfeedback.com,0,1
js.hs-banner.com,0,1
capi.tr.ee,0,1
www.rakuten.co.jp,0,1
media.evolv.ai,0,1
cdn.jwplayer.com,0,1
player.spokenlayer.net,0,1
ruby.fusemachines.com,0,1
platform.twitter.com,0,1
cdn.embed.ly,0,1
images-wixmp-ed30a86b8c4ca887773594c2.wixmp.com,0,1
geo.privacymanager.io,0,1
gettime.r10s.jp,0,1
api.r10s.jp,0,1
entitlements.jwplayer.com,0,1
b92.yahoo.co.jp,0,1
b90.yahoo.co.jp,0,1
aeu.alicdn.com,0,1
api.lab.amplitude.com,1,0
ak.sail-horizon.com,0,1
translate.google.com,0,1
notifier-configs.airbrake.io,1,0
csp-central.appspot.com,0,1
d2hrivdxn8ekm8.cloudfront.net,0,1
d1lu3pmaz2ilpx.cloudfront.net,0,1
assets.medicalnewstoday.com,0,1
ssl.captcha.qq.com,0,1
captcha.gtimg.com,0,1
t.captcha.qq.com,0,1
location.api.useinsider.com,1,0
libs.platform.californiatimes.com,0,1
cdn.taboola.com,1,0
de.bongacams.com,0,1
readmo.yahoo.com,0,1
ads.yap.yahoo.com,0,1
static.gcore.pro,0,1
b.sf-syn.com,0,1
mega.io,0,1
g.api.mega.co.nz,0,1
embed-ssl.wistia.com,0,1
53e1270541f5.cdn4.forter.com,1,0
www.dailymotion.com,0,1
vendorlist.dmcdn.net,0,1
xxid.atlassian.com,0,1
js.driftt.com,0,1
cdnssl.clicktale.net,1,0
static.addtoany.com,0,1
cdn.petametrics.com,0,1
bootstrap.api.drift.com,0,1
thetelegraph.pxf.io,0,1
flow.api.drift.com,0,1
cdn.fonts.net,0,1
d1eoo1tco6rr5e.cloudfront.net,0,1
news.google.com,0,1
h5conf-open.xycdn.com,0,1
sdk1xyajs-data.xycdn.com,0,1
charts3.equitystory.com,0,1
player.cnevids.com,0,1
e.video-cdn.net,0,1
www.architecturaldigest.com,0,1
pbs.getpublica.com,0,1
graphql.usercentrics.eu,0,1
uct.service.usercentrics.eu,0,1
kit.fontawesome.com,0,1
api.tinypass.com,0,1
www.honcode.ch,0,1
cdn.appsflyer.com,0,1
fp-it.portal101.cn,0,1
api.mindbox.ru,0,1
static-mon.yandex.net,0,1
static.cleverpush.com,1,0
st.top100.ru,0,1
mdeploy.andata.ru,0,1
rcmjs.rambler.ru,0,1
statistacomdev.cleverpush.com,1,0
rmb.ops.beeline.ru,0,1
rules.atgsvcs.com,0,1
vsvippi01.rightnowtech.com,0,1
sc-oal-en.widget.custhelp.com,0,1
prod-rtb.ad4mat.net,0,1
as.ad4m.at,0,1
www.conrad.de,0,1
api.webgains.io,0,1
images.mktw.net,0,1
mwstream.wsj.net,0,1
sqs.us-east-1.amazonaws.com,0,1
cdn.dmtgvn.com,0,1
c2.taboola.com,0,1
disqus.com,0,1
js.hs-scripts.com,0,1
fls-eu.amazon.fr,0,1
s3.zdmimg.com,0,1
assets.sitescdn.net,0,1
alimama.alicdn.com,0,1
icon.cecdc.com,0,1
smzdm.soboten.com,0,1
loader.tapsell.ir,0,1
ma-cdn.pegah.tech,0,1
att.mpeasylink.com,0,1
na5.thunderhead.com,1,0
e00-ue.uecdn.es,0,1
accounts.zoho.in,0,1
sbm.nate.com,0,1
ip.apps.cntv.cn,0,1
mixer.mobon.net,0,1
act.ds.kakao.com,0,1
accounts.zoho.jp,0,1
accounts.zoho.com.au,0,1
nbcnews3.akamaized.net,0,1
am-match.taboola.com,0,1
mcs.snssdk.com,0,1
vdn.live.cntv.cn,0,1
api.cntv.cn,0,1
galaxy.bjcathay.com,1,0
piccpndks.v.kcdnvip.com,0,1
cdn.480app.com,0,1
sadmin.brightcove.com,0,1
asset.fwpub1.com,1,0
p1.parsely.com,0,1
fireworkapi1.com,0,1
fedex.tt.omtrdc.net,0,1
mv.outbrain.com,0,1
f4.bcbits.com,0,1
launchpad.privacymanager.io,0,1
cdn.ziffstatic.com,0,1
geoip-js.com,0,1
ksr-static.imgix.net,0,1
geoip.codejitsu.ca,0,1
widgets.financialcontent.com,0,1
tm.jsuol.com.br,1,0
abtest.conteudo.uol,0,1
static.dynad.net,1,0
s3.tradingview.com,0,1
s.tradingview.com,0,1
cdn.neverbounce.com,0,1
wa.onelink.me,0,1
shop.app,0,1
code.cake025.ru,0,1
img.riskified.com,0,1
c.riskified.com,0,1
dcf.espn.com,0,1
cm.jd.com,0,1
gdpr-web-dau-prod.privacymanager.io,0,1
http-inputs-notion.splunkcloud.com,1,0
use.typekit.com,0,1
d3cxv97fi8q177.cloudfront.net,1,0
wsv3cdn.audioeye.com,0,1
search.usa.gov,0,1
asset.kompas.com,0,1
sttribunnews.kompas.com,0,1
scripts.jixie.media,0,1
insights-collector.newrelic.com,1,0
ups.tt.omtrdc.net,0,1
akamai.tiqcdn.com,0,1
assets.resultspage.com,0,1
api.hubapi.com,0,1
i.h-t.co,0,1
accounts.firefox.com,0,1
s.rtyche.com,0,1
www.influ2.com,0,1
s.adroll.com,1,0
t.influ2.com,0,1
epsilon.6sense.com,0,1
pixel.mediaiqdigital.com,0,1
ponos.zeronaught.com,0,1
cdn-usent.kampyle.com,1,0
w.soundcloud.com,0,1
genesys-chat-production.cap.endurance.com,0,1
apps.mypurecloud.com,0,1
images.revcontent.com,1,0
wa.appsflyer.com,0,1
qualtrics-www.s3.amazonaws.com,0,1
sp1004f433.guided.ss-omtrdc.net,0,1
icm.aexp-static.com,0,1
lptag.liveperson.net,0,1
va.v.liveperson.net,0,1
app.vssps.visualstudio.com,0,1
components.unidadeditorial.es,0,1
www.npttech.com,0,1
streaming.forexpros.com,0,1
ajax.aspnetcdn.com,0,1
reload.getsentry.net,0,1
segment-box.com,0,1
boxinc.tt.omtrdc.net,0,1
fengcx.com,0,1
ads.adthrive.com,1,0
gdpr.privacymanager.io,0,1
cmp-consent-tool.privacymanager.io,0,1
cloudflare.hcaptcha.com,0,1
js.createsend1.com,0,1
cdn4.buysellads.net,1,0
ats-wrapper.privacymanager.io,0,1
web-sdk-cdn.singular.net,0,1
sdk-api-v1.singular.net,0,1
assets.bbystatic.com,1,0
weby.aaas.org,1,0
api.sciencemag.org,0,1
ssl-cdn.static.browser.mi-img.com,1,0
player.vimeo.com,0,1
cdns.au1.gigya.com,0,1
cdn.segment.io,1,0
felix.data.tm-awx.com,0,1
recommendations.data.tm-awx.com,0,1
livecomments.viafoura.co,0,1
config.lrcontent.com,0,1
api.viafoura.co,0,1
www.reachgeneric.co.uk,0,1
notifications.viafoura.co,0,1
cdnp.notifyvisitors.com,1,0
pushimages.notifyvisitors.com,1,0
www.detik.com,0,1
clientcdn.notifyvisitors.com,1,0
datawrapper.dwcdn.net,0,1
stats.datawrapper.de,1,0
dsp.active-agent.com,0,1
pv.medialead.de,0,1
geoip.radio-canada.ca,0,1
auth.lrcontent.com,0,1
ccpa.sp-prod.net,0,1
ccpa-service.sp-prod.net,0,1
firebaseremoteconfig.googleapis.com,0,1
fr-actions.trackonomics.net,1,0
cdn.bc0a.com,1,0
edge.cookiefirst.com,0,1
cdn-app.pathfactory.com,0,1
jukebox.pathfactory.com,0,1
player.h-cdn.com,0,1
freegeoip.live,0,1
cc.cdn.civiccomputing.com,0,1
link.h-cdn.com,0,1
zagent1935.h-cdn.com,0,1
https-animeflv-net.disqus.com,0,1
xxbg.snssdk.com,0,1
cdp.vidio.com,0,1
personalization.vidio.com,0,1
asset-cache-5.hypemarks.com,0,1
c-api-bit.shopeemobile.com,0,1
secure.polldaddy.com,0,1
res.lassomarketing.io,0,1
cdn.wisc.cloud,0,1
4z9s66.tdum.alibaba.com,0,1
cf.aliyun.com,0,1
cdn.yottaa.com,0,1
www.pconline.com.cn,0,1
cdn.usehero.com,0,1
eu2-cdn.inside-graph.com,1,0
glsdk.logsss.com,0,1
abtest-proxy.hlgdata.com,0,1
www.expedia.com,1,0
dsp.rtb.mts.ru,0,1
b-hls-02.doppiocdn.com,1,0
go.xxxviiijmp.com,0,1
www.ncaudienceexchange.com,1,0
tags.barrons.com,1,0
tags.mansionglobal.com,1,0
tags.decider.com,1,0
tags.pagesix.com,1,0
tags.penews.com,1,0
stab.thench.net,1,0
static.pc-adroute.focas.jp,0,1
tag.hushly.com,0,1
app.hushly.com,0,1
rtp-static.marketo.com,0,1
static.cdn.prismic.io,0,1
cdn.raygun.io,0,1
my.hellobar.com,0,1
znccpilcxlhy2kxod-godaddy.siteintercept.qualtrics.com,1,0
api.parsely.com,0,1
cdn.page-source.com,0,1
st-eu.dynamicyield.com,0,1
p.zol-img.com.cn,0,1
cdn-eu.dynamicyield.com,0,1
zdw.w8.com.cn,0,1
stat.58che.com,0,1
www.sjwoe.com,0,1
j2.58cdn.com.cn,0,1
jssdk.opin.media,0,1
i.cdn.turner.com,0,1
nba-api-cdn.opin.media,0,1
j1.58cdn.com.cn,0,1
tzjybeidou.58.com,0,1
node-sber1-az3-3.jivosite.com,0,1
apiche.58.com,0,1
carprice.m.58.com,0,1
use.fortawesome.com,0,1
embed.typeform.com,0,1
api.github.com,0,1
beacon-v2.helpscout.net,0,1
s.mnet-ad.net,0,1
static.narrativ.com,0,1
ads.resetsrv.com,0,1
s3t3d2y8.afcdn.net,1,0
f5assb.tdum.alibaba.com,0,1
view.ceros.com,0,1
fksuqw.tdum.alibaba.com,0,1
g5jj98.tdum.alibaba.com,0,1
omny.fm,0,1
assets.adobetarget.com,1,0
www.inc.com,0,1
static.garnet.synacor.com,0,1
redirector.googlevideo.com,0,1
ep00.epimg.net,0,1
pxlctl.elpais.com,0,1
as00.epimg.net,1,0
apv-launcher.minute.ly,0,1
sync.getpublica.com,0,1
usersync.getpublica.com,0,1
268a2000018370f5f35b29272d1942aa2ff7b6a9.cws.conviva.com,1,0
rubiconcm.digitaleast.mobi,0,1
www.queryly.com,0,1
api.conversant.mgr.consensu.org,0,1
lightboxapi.azurewebsites.net,0,1
api-v3.tinypass.com,0,1
static.websimages.com,1,0
dynamic.websimages.com,0,1
assets.vlitag.com,1,0
cdn4-hbs.affinitymatrix.com,1,0
api2.ivi.ru,0,1
rocket.ivi.ru,0,1
g.ivi.ru,0,1
flash.doubleclick-analytics.com,0,1
developers.kakao.com,0,1
cdn.abrankings.com,0,1
s-a.innovid.com,1,0
webid.kakao.com,0,1
s.usea01.idio.episerver.net,0,1
jumbe.zaius.com,0,1
a.usea01.idio.episerver.net,0,1
i.idio.co,1,0
api2.fonts.com,0,1
d3nocrch4qti4v.cloudfront.net,0,1
player.svc.litv.tv,0,1
sjc1.qualtrics.com,0,1
jsmodule.svc.litv.tv,0,1
onead.onevision.com.tw,0,1
geoip.imimg.com,0,1
recommend.imutils.com,0,1
v3s8r2c3.stackpathcdn.com,0,1
third-party-cookie.raspcs.pl,0,1
cmp.ringpublishing.com,0,1
authorisation.grupaonet.pl,0,1
static-tracking.klaviyo.com,1,0
fast.a.klaviyo.com,0,1
sgqcvfjvr.onet.pl,0,1
cdn.opecloud.com,0,1
pdk.theplatform.com,0,1
ptlogin.yuewen.com,0,1
unitelogreport.reader.qq.com,0,1
t.myvisualiq.net,0,1
nl-api.insight.sitefinity.com,1,0
www.gov.cn,0,1
d10lpsik1i8c69.cloudfront.net,1,0
js.smct.io,0,1
lo.idp.liveperson.net,0,1
lo.v.liveperson.net,0,1
amcdn.msftauth.net,0,1
match.rundsp.com,0,1
ws.nperf.com,0,1
www.da29e6b8-f018-490f-b25f-39a887fc95e7.xyz,1,0
www.wp.pl,0,1
ead67b667b.dbdc6c4610.com,1,0
crcdn01.adnxs-simple.com,1,0
crcdn01.adnxs.com,1,0
wayfair.attn.tv,0,1
d9b788c692.49cb936390.com,0,1
js.hscollectedforms.net,0,1
api.curator.io,0,1
js.hsforms.net,0,1
platform-api.sharethis.com,0,1
buttons-config.sharethis.com,0,1
cdn.tagcommander.com,0,1
l.getsitecontrol.com,0,1
treg.hearstnp.com,0,1
projects.sfchronicle.com,0,1
aps.hearstnp.com,0,1
vidassets.terminus.services,0,1
a.omappapi.com,1,0
p.ctpost.com,0,1
cdn.gladly.com,0,1
cdnmon.cfigroup.com,0,1
js.go2sdk.com,0,1
cbt.whatcounts.net,0,1
dialogue.sp-prod.net,0,1
wmff.warnermediacdn.com,0,1
cdn.levelaccess.net,0,1
naanalle.pl,1,0
static.mailerlite.com,0,1
track.mailerlite.com,1,0
assets.pinterest.com,0,1
js.hcaptcha.com,0,1
talon-website-prod.ak.epicgames.com,0,1
accessibilityserver.org,0,1
talon-service-prod.ecosec.on.epicgames.com,0,1
api.userway.org,0,1
webim.kefu.easemob.com,0,1
hmcdn.baidu.com,0,1
firestore.googleapis.com,0,1
trustseal.enamad.ir,0,1
cdn.imhd.io,1,0
ads.shemedia.com,0,1
content.jwplatform.com,0,1
pepin.padletcdn.com,0,1
moevideo.biz,0,1
player.panda.video,0,1
static.olanola.com,0,1
login.newscorpaustralia.com,0,1
polarcdn-terrax.com,1,0
plugin.mediavoice.com,0,1
ts2020-indies-client.web.app,0,1
telemetry.transcend.io,0,1
srv.carbonads.net,0,1
app.gelirartisi.com,0,1
img.douding.cn,0,1
freyr.futurecdn.net,0,1
i.mycdn.me,0,1
champagne.futurecdn.net,0,1
secure-cdn.mplxtms.com,1,0
udesign.udnfunlife.com,0,1
imprammp.taboola.com,0,1
app.securiti.ai,0,1
js.qualified.com,0,1
app.qualified.com,0,1
ws.sharethis.com,0,1
hubble-js-bucket.nosdn.127.net,0,1
webzj.netstatic.net,0,1
gorgon.youdao.com,0,1
cdn.iubenda.com,0,1
www.iubenda.com,0,1
oms.expedia.com,1,0
sgp2021.iplsc.com,0,1
auth.instiengage.com,0,1
sdk-03.moengage.com,1,0
image-ap1.moengage.com,1,0
cdn.pool.st-hatena.com,0,1
js-na1.hs-scripts.com,0,1
login.szn.cz,0,1
notifikace.szn.cz,0,1
api.sznplayer.cz,0,1
c-oa.seznam.cz,0,1
api.db-ip.com,1,0
oasjs.kataweb.it,0,1
scripts.kataweb.it,0,1
a.gedidigital.it,0,1
pre.glotgrx.com,0,1
widget.gleamjs.io,0,1
api.enthusiastgaming.net,1,0
gleam.io,0,1
webfonts.sakura.ne.jp,0,1
chat1-4cc.chatdealer.jp,0,1
ads.avct.cloud,0,1
track.accountinsight.cloud,0,1
attr.ml-api.io,0,1
yads.c.yimg.jp,0,1
api.relaido.jp,0,1
cdn.relaido.jp,0,1
sync.relaido.jp,0,1
floors.udimg.com,0,1
cdn.netpoint-media.de,0,1
a.delivery.consentmanager.net,0,1
app-sjf.marketo.com,0,1
c.plerdy.com,1,0
a.farlex.com,0,1
www.sobot.com,0,1
cdn.engagement.ai,0,1
dvqfrkcakv3mr.cloudfront.net,0,1
api.atlassian.com,1,0
cp.az.hmgroup.com,0,1
kiybdhzql-g.global.ssl.fastly.net,0,1
s.flocdn.com,0,1
cdn-assets.hswstatic.com,0,1
d1ls4i8l5ki52s.cloudfront.net,0,1
t.me,0,1
imagesvc.meredithcorp.io,0,1
d30qdagvt44524.cloudfront.net,0,1
mirror-assets.i-scmp.com,0,1
mirror.i-scmp.com,0,1
cookiehub.net,0,1
api.svc.taiwanmedia.org,0,1
e2elog.fetnet.net,0,1
adc.nine.com.au,0,1
damassets.autodesk.com,0,1
cdn.tt.omtrdc.net,1,0
www.blog.google,0,1
dna8twue3dlxq.cloudfront.net,0,1
ntp.nc.gifshow.com,0,1
d2vbpkts4ss4v2.cloudfront.net,0,1
ekr.zdassets.com,0,1
tags.inzynk.io,0,1
adserve.work,1,0
wm.prd.borderfree.com,0,1
d3tglifpd8whs6.cloudfront.net,1,0
dspnow.ru,0,1
best.aliexpress.com,0,1
ald-lamp-us.alicdn.com,0,1
static.tagboard.com,0,1
embed.tagboard.com,0,1
time-ae.akamaized.net,0,1
re.sajari.com,0,1
guess-web.50bangzh.com,0,1
www.nortonlifelock.com,1,0
web.50bangzh.com,0,1
components2.rcsobjects.it,1,0
js2.corriereobjects.it,0,1
revi.rcs.it,0,1
platform.linkedin.com,0,1
ci.asosservices.com,0,1
creativeassets.asosservices.com,0,1
ad.plus,1,0
geo.cnbc.com,0,1
identity.mparticle.com,0,1
services.brightline.tv,0,1
member.pixnet.cc,0,1
api.pixnet.cc,0,1
falcon-asset.pixfs.net,0,1
chat-application.com,0,1
ramp.accessibleweb.com,1,0
cdn.livechatinc.com,0,1
api.livechatinc.com,0,1
secure.livechatinc.com,0,1
playback.oovvuu.media,0,1
cpm.adsolut.in,0,1
adp.vnecdn.net,0,1
octopus-stream01-cads.fpt.vn,0,1
la2.vnecdn.net,0,1
static.eclick.vn,1,0
s.vnecdn.net,0,1
alps.cdn.nintendo.net,0,1
cdn.pricespider.com,0,1
ajax.gogo-load.com,1,0
metadata-static-files.sfo2.cdn.digitaloceanspaces.com,1,0
app-sj31.marketo.com,0,1
api.neverbounce.com,0,1
www.eisys-bcs.jp,0,1
ad.ad-arrow.com,0,1
cd.valis-cpx.jp,0,1
discoveryplus.popin.cc,0,1
code.lime-juice.net,0,1
chikayo-dsp.shinobi.jp,0,1
webcert.cnmstl.net,0,1
kxlogo.knet.cn,0,1
assets.calendly.com,0,1
passport-plugin.hao184.com,0,1
r-login.wordpress.com,0,1
a40.usablenet.com,0,1
static-lists.linternaute.com,0,1
cdn.appconsent.io,0,1
api.iax.optimix.cn,0,1
tracking.iax.optimix.cn,0,1
auth.split.io,0,1
fls-eu.amazon.com,0,1
m.leju.com,0,1
breitbartproduction.disqus.com,0,1
piujytuntb.execute-api.eu-west-1.amazonaws.com,0,1
cdx19ssl.cdnvideo.ru,0,1
stackpath-map3.cedexis-test.com,0,1
fxgate.baidu.com,0,1
u.fg8dgt.com,0,1
sync.spotim.market,0,1
cdn.auth0.com,0,1
www.pages03.net,0,1
media.suara.com,0,1
js.braintreegateway.com,0,1
client.px-cloud.net,0,1
p4-hl7ns27w5xoqo-iufyavcu6yuz5bcf-if-v6exp3-v4.metric.gstatic.com,0,1
jsonip.com,0,1
macys.tt.omtrdc.net,0,1
links.release.narrativ.com,0,1
3856256.fls.doubleclick.net,1,0
www.corel.com,1,0
d2bqow4fb67vs2.cloudfront.net,0,1
www.realtimestatistics.net,0,1
cdn.concert.io,0,1
client.thecut.com,0,1
client.vulture.com,0,1
client.grubstreet.com,0,1
client.thestrategist.co.uk,0,1
contributor.google.com,0,1
ubistatic-a.akamaihd.net,0,1
avcvysejs1-dsn.algolia.net,0,1
a.dilcdn.com,0,1
img.toi.de,0,1
api.ipdata.co,0,1
cdn-akamai.mookie1.com,1,0
schedule-tool.foxnews.com,0,1
img2-digitouch.mncdn.com,0,1
match.contentexchange.me,0,1
bookaa.amadeus.com,0,1
sleeknotecustomerscripts.sleeknote.com,0,1
sleeknotestaticcontent.sleeknote.com,0,1
rumble.com,0,1
api.feedad.com,0,1
tags.feedad.com,0,1
services.brid.tv,0,1
events.mapbox.com,0,1
p.brid.tv,0,1
navbar.blizzard.com,0,1
blzmedia-a.akamaihd.net,0,1
accounts.pinterest.com,0,1
td.yieldify.com,1,0
custom.yieldify.com,1,0
api.yadrocrm.ru,0,1
api.sypexgeo.net,0,1
node-sber1-az2-2.jivosite.com,0,1
forms.mailmunch.co,0,1
s.hatena.ne.jp,0,1
assets.ownpage.fr,1,0
static.loma-cms.com,0,1
sciencex.com,1,0
idsync.admixer.co.kr,0,1
cdn.ywxi.net,1,0
serving.mdscpxchg.com,0,1
tracker.sqreemtech.com,0,1
static.queue-it.net,0,1
js.digitalriver.com,0,1
assets.queue-it.net,0,1
va.videojj.com,0,1
f1-na.readspeaker.com,0,1
s0.meituan.net,0,1
lx1.meituan.net,0,1
maps.google.com,0,1
a.opmnstr.com,0,1
events.rm-api.com,0,1
www.tomorrow.io,0,1
dz9qn8fh4jznm.cloudfront.net,0,1
d1zokzhal29fpg.cloudfront.net,0,1
ads.nextdoor.com,0,1
flask.nextdoor.com,0,1
cdn.embedly.com,0,1
perf.hsforms.com,1,0
www.usa.gov,0,1
aacdn.nagich.com,0,1
refer.wordpress.com,1,0
js.pusher.com,0,1
cdn.lib.getjad.io,1,0
knrpc.olark.com,0,1
api.olark.com,0,1
csp.yandex.net,0,1
html2canvas.hertzen.com,0,1
a5105y.tdum.alibaba.com,0,1
www.podbean.com,0,1
s.c-ctrip.com,0,1
cdid.c-ctrip.com,0,1
gsp0.baidu.com,0,1
cdn.camshq.info,1,0
sts.us-east-1.amazonaws.com,0,1
api.lytics.io,1,0
htrace.in.zcool.cn,0,1
s1.hitv.com,0,1
s3.hitv.com,0,1
image.lichess1.org,0,1
ws-assets.zoominfo.com,0,1
www.nhl8htrk.com,0,1
shimo.sobot.com,0,1
boards.greenhouse.io,0,1
d14jnfavjicsbe.cloudfront.net,0,1
logs.infoedgeindia.com,0,1
js.wpushsdk.com,0,1
d297b6ad10.49cb936390.com,0,1
cdns.gigya.com,0,1
messenger.speakeasyai.com,0,1
pym.nprapps.org,0,1
cdn.cpex.cz,0,1
m.1gr.cz,0,1
content.aimatch.com,1,0
delivery.r2b2.cz,0,1
privacy.cpex.cz,0,1
brookings.foxycart.com,0,1
cdn-images.mailchimp.com,0,1
ssp.imedia.cz,0,1
cdn1.identitymind.com,0,1
cdn.quadpay.com,0,1
js.identitymind.com,0,1
data.cdnbasket.net,0,1
ids.cdnwidget.com,0,1
e.cdnwidget.com,0,1
widget.justwatch.com,0,1
via.batch.com,0,1
ws.batch.com,0,1
tag.goadopt.io,0,1
disclaimer-api.goadopt.io,0,1
tn.voyeurhit.com,1,0
js.wpshsdk.com,1,0
cdn.1vag.com,0,1
player.propervideo.io,0,1
makeuseof-1.disqus.com,0,1
propervideo.io,0,1
go.stripchat.com,0,1
analytics.analytics-egain.com,0,1
js.onef.pro,0,1
track.onef.pro,0,1
ads.themoneytizer.com,1,0
cdn1d-static-shared.phncdn.com,0,1
imagazine.advertserve.com,1,0
flux-cdn.com,0,1
log.reyun.com,0,1
liveapi.videojj.com,0,1
px1.lifesavvy.com,0,1
recengine.intoday.in,0,1
feeds.intoday.in,0,1
tianqi.2345.com,0,1
web.usebutton.com,0,1
www.drift.com,0,1
ingest.make.rvapps.io,1,0
server.fuse.analytics-engine.com,0,1
doppler-config.cbsivideo.com,1,0
fms.viacomcbs.digital,0,1
clipcentric-a.akamaihd.net,0,1
static.elfsight.com,0,1
apps.elfsight.com,0,1
shop.pe,0,1
addshoppers.s3.amazonaws.com,0,1
9anime.id,0,1
widgets.pinterest.com,0,1
ad-cdn.aics-asus.com,0,1
sdk.amazonaws.com,0,1
tenmax-static.cacafly.net,0,1
widgets.getsitecontrol.com,0,1
st.getsitecontrol.com,0,1
app.getsitecontrol.com,0,1
wurfl.io,0,1
p.nfltags.com,0,1
www.riddle.com,0,1
cdn.plyr.io,0,1
prod-snowly-sasic.stdout.cz,0,1
prod-snowly-als.stdout.cz,0,1
secure-assets.rubiconproject.com,1,0
mraza2dosa.com,1,0
static.redhat.com,0,1
autocomplete.demandbase.com,1,0
pic.trendemon.com,1,0
c-ko.seznam.cz,0,1
api.id5-sync.com,1,0
analytics.cpex.cz,0,1
preeziecdn.azureedge.net,0,1
guitar-center.pxf.io,0,1
images.unsplash.com,0,1
51ad5ae09a6e45cd8ce1685cc1de7acf.svc.dynamics.com,1,0
analytics.clickdimensions.com,0,1
omo.akamai.opta.net,0,1
d.webterren.com,0,1
g792337344.co,0,1
mcd-sdk.playbuzz.com,0,1
prd-collector-anon.playbuzz.com,0,1
ccpa-wrapper.privacymanager.io,0,1
ccpa.privacymanager.io,0,1
medicaldaily.disqus.com,0,1
cdn.feeds.ibt.com,0,1
w-74721.fp.kaspersky-labs.com,0,1
track.adspire.io,0,1
cdn.retailrocket.ru,0,1
static.terratraf.io,0,1
api-cis.exponea.com,0,1
creatives.afp.ai,1,0
payments.braintree-api.com,0,1
api.recurly.com,0,1
ssl.kaptcha.com,0,1
dub.stats.paypal.com,0,1
widget.uservoice.com,0,1
by2.uservoice.com,0,1
js.live.net,0,1
choices.trustarc.com,0,1
nascar.attn.tv,0,1
fashionnova.attn.tv,0,1
cdn.shopmsg.me,0,1
cdk.shopmsg.me,0,1
sailshopify-webhooks-prod.herokuapp.com,0,1
d2jjzw81hqbuqv.cloudfront.net,0,1
fastsimon-settings.akamaized.net,0,1
cdn1-gae-ssl-default.akamaized.net,0,1
ping-dot-acp-magento.appspot.com,0,1
pg.impactify.io,1,0
code.jguery.com,0,1
cdn.botengine.ai,0,1
cdn.chatbot.com,0,1
bnwcb.com,0,1
fstaticvast.netpub.media,1,0
www.buzzsprout.com,0,1
d5x2n72glkaxl.cloudfront.net,0,1
analytics.lucid.app,0,1
performance.radar.cloudflare.com,0,1
k12.tt.omtrdc.net,0,1
k12com.mpeasylink.com,0,1
seal-dc-easternpa.bbb.org,0,1
ftlaunchpad.ai,0,1
app.livemarketshoppers.com,0,1
addsearch.com,0,1
cdn.umh.ua,0,1
z.cdn.umh.ua,0,1
mg.mgid.com,1,0
loadercdn.net,0,1
i.bigmir.net,1,0
analyticssystems.net,0,1
cdn.pubguru.com,1,0
js.users.51.la,0,1
cdn.feedify.net,1,0
assistant.corover.mobi,0,1
indianrailways.gov.in,0,1
settings.feedify.info,0,1
guardianngr.disqus.com,0,1
cdn.jubnaadserve.com,1,0
cdn.unibots.in,1,0
feedify.net,1,0
lib.wtg-ads.com,1,0
stream.unibots.in,1,0
cdn.pixfuture.com,1,0
staticcdn.co.nz,0,1
ninja.data.olxcdn.com,0,1
ssl.cdne.cpmstar.com,1,0
t.paydaythegame.com,0,1
walletcircle.co,0,1
www.genndi.com,0,1
villain.kingpinkton.com,0,1
foxitsupport.zendesk.com,0,1
go.foxitinfo.com,0,1
cdn.cquotient.com,0,1
s7d2.scene7.com,0,1
centurylinkresidential.mpeasylink.com,0,1
api.queryly.com,0,1
a.leetemplates.com,0,1
prebid-stag.setupad.net,0,1
js.lsurl.cn,0,1
accounts.ard.de,0,1
r3.visualwebsiteoptimizer.com,0,1
mcurrentlyse.monster,0,1
porndoe.com,0,1
fvr-cdn.truefitcorp.com,0,1
connect-preview.breadpayments.com,0,1
consumer.truefitcorp.com,0,1
forever21.usablenet.com,0,1
d2zqfs55y95cft.cloudfront.net,0,1
www.civicscience.com,0,1
in-automate.sendinblue.com,0,1
clientlog.octaglobal.com,0,1
www.octafx.cc,0,1
user-hits.octaglobal.com,0,1
analytics.octaglobal.com,0,1
octafx.zendesk.com,0,1
relay.logicanalytics.io,1,0
utility.rogersmedia.com,0,1
dsm-pet.herokuapp.com,0,1
static.affiliate.rakuten.co.jp,0,1
static.isitetv.com,0,1
secure.actblue.com,0,1
code.highcharts.com,0,1
gis.goinstore.com,0,1
static.opentok.com,0,1
cdn.polarbyte.com,1,0
assets.ubembed.com,0,1
zohotagmanager.cdn.pagesense.io,1,0
accounts.zoho.eu,0,1
cdn.jetboost.io,0,1
allaccess.attn.tv,0,1
hatewatchlive.disqus.com,0,1
csm.cxpublic.com,0,1
experience-ap.piano.io,0,1
mediaconsortium.profiles.tagger.opecloud.com,1,0
aggregator.eu.usercentrics.eu,0,1
code.piano.io,0,1
c2-ap.piano.io,0,1
buy-ap.piano.io,0,1
tempnextstat.bcovery.com,0,1
sdk.helloextend.com,0,1
triggeredmail.appspot.com,0,1
adorama.rfvk.net,0,1
sync.addlv.smt.docomo.ne.jp,0,1
adorama.attn.tv,0,1
pd.trysera.com,1,0
www.trustedsite.com,0,1
cdn.intergient.com,1,0
config.playwire.com,0,1
x.videobyte.com,0,1
spn-v1.revampcdn.com,1,0
device-api.indigitall.com,1,0
cdn.gumlet.com,0,1
prod-analytics.qlitics.com,1,0
api.services.sap.com,0,1
adtm.spreadshirts.net,1,0
stc-sp.zadn.vn,0,1
stc.za.zaloapp.com,0,1
stc.sp.zdn.vn,0,1
service.mtcaptcha.com,0,1
service2.mtcaptcha.com,0,1
cdn.statuspage.io,0,1
sharemedia.rs,1,0
plugins.blueconic.net,1,0
stolotoru.webim.ru,0,1
mediahills.ru,0,1
wkxppshj-qx.global.ssl.fastly.net,0,1
ecm.capitalone.com,0,1
tracker.adreadyclick.com,0,1
bassproshops.vzck.net,0,1
edge1.certona.net,0,1
pixelconnector.adready.com,0,1
www.res-x.com,0,1
basspro.attn.tv,0,1
revol11113.pcapredict.com,0,1
assistjs.skimresources.com,1,0
static.fbot.me,0,1
campaign.fbot.me,0,1
cdn.fontawesome.com,0,1
app.picreel.com,0,1
asn.highroadsolution.com,0,1
api.iconify.design,0,1
b.px-cdn.net,0,1
recs.richrelevance.com,0,1
fem.gprod.postmedia.digital,0,1
i.prcdn.co,0,1
postmedia.hub.loginradius.com,0,1
flowcards.mrf.io,0,1
lehigh.apparmor.com,0,1
s.ytimg.com,0,1
cdn.svgator.com,0,1
s.ssl.qhres2.com,0,1
ocw.messagebird.com,0,1
cdn.trustcommander.net,0,1
entitlement.auth.adobe.com,0,1
sp.auth.adobe.com,0,1
ipcheck.tmgrup.com.tr,0,1
i.hizliresim.com,0,1
policy.cookiereports.com,0,1
adminplayer.sohatv.vn,0,1
static.nanda.vn,0,1
networkmanag.com,1,0
js.aiservice.vn,0,1
lg.nanda.vn,0,1
rec.aiservice.vn,0,1
js.blozoo.info,1,0
js.blozoo.com,0,1
parts.blozoo.com,0,1
assets.hearstapps.com,0,1
d1miwkthq39xj8.cloudfront.net,1,0
torimochi.line-apps.com,0,1
a1.itc.cn,1,0
tv.sohu.com,0,1
api.my.tv.sohu.com,0,1
pm.aty.sohu.com,0,1
c.9136.com,0,1
web-in21.mxradon.com,0,1
www.iolam.it,0,1
go.newspapers.com,0,1
consent.cookiebot.eu,0,1
store.acponline.org,0,1
va.tawk.to,0,1
mcs.ctobsnssdk.com,0,1
salesiq.zoho.com,0,1
web-stat.jpush.cn,1,0
qiyukf.com,0,1
goutong.baidu.com,0,1
da.qiyukf.com,0,1
sofire.baidu.com,0,1
p.qiao.baidu.com,0,1
cache.consentframework.com,0,1
demotywatory.pl,0,1
choices.consentframework.com,0,1
ssp.wp.pl,0,1
ibw.bwnet.com.tw,0,1
developer.etxstudio.com,0,1
cdn.viously.com,0,1
global.cloud.netacuity.com,0,1
static.cmh.com.tw,0,1
sta.cmh.com.tw,0,1
srv-2022-08-12-20.pixel.parsely.com,0,1
getpushmonkey.com,1,0
snd.tc,1,0
dilbertcomics.disqus.com,0,1
1stdibs.attn.tv,0,1
e.cquotient.com,0,1
cdn.sanjagh.com,0,1
api.sanjagh.com,0,1
ad-management-cdn.yektanet.com,1,0
boohoo.attn.tv,0,1
pinpoint.espn.com,0,1
api.abcotvs.com,0,1
malsup.github.io,0,1
cdn.nolt.io,0,1
hcaptcha.com,0,1
biv.gazeta.pl,0,1
static.gazeta.pl,0,1
bis.gazeta.pl,0,1
loader.wisepops.com,0,1
popup.wisepops.com,0,1
smi2.ru,0,1
zen.yandex.ru,0,1
static.whotrades.com,0,1
static.smi2.net,0,1
static1.smi2.net,0,1
static5.smi2.net,0,1
static8.smi2.net,0,1
static7.smi2.net,0,1
static6.smi2.net,0,1
static2.smi2.net,0,1
static4.smi2.net,0,1
static3.smi2.net,0,1
bi.pst.tech,0,1
resources.kiosked.com,1,0
dnlgm0m0r44nl.cloudfront.net,0,1
static.saavn.com,0,1
p.hnnzwhyy.com,0,1
v.sogowan.com,0,1
cdn.attraqt.io,0,1
s1110.visualsteel.com,0,1
reveal.ip2c.net,0,1
dai.google.com,0,1
nst.trex.media,0,1
js.chilipiper.com,0,1
cdn.jst.ai,0,1
my.jst.ai,0,1
aly.jst.ai,0,1
img.polymorphicads.jp,1,0
d2t7a3zbo166a9.cloudfront.net,1,0
embed.acast.com,0,1
zhibo-focus.sohu.com,0,1
img.ilgcdn.com,0,1
assets.evolutionadv.it,0,1
adv.mediamond.it,1,0
mapapi.qq.com,0,1
oth.str.beacon.qq.com,1,0
jic.talkingdata.com,0,1
earthskyscience.disqus.com,0,1
mypopups.com,0,1
cdn.shareaholic.net,0,1
newtoki148.com,0,1
m9m6e2w5.stackpathcdn.com,0,1
www.shareaholic.net,0,1
events.getsitectrl.com,0,1
www2.ephox.com,0,1
widget.beop.io,0,1
hb.bidder.taboola.com,0,1
gapi.oneindia.com,0,1
fast-static.smarketer.de,1,0
partner.blau.de,0,1
apiv2.popupsmart.com,0,1
vymaps.net,0,1
pb-server.ezoic.com,0,1
id.a-mx.com,0,1
www.6park.com,0,1
adm.beimg.com,0,1
geo.battle.net,0,1
app.colibriwp.com,0,1
a.optmnstr.com,0,1
cdn.sajari.net,0,1
live.demand.supply,1,0
s.iw.ro,0,1
borirait.site,0,1
littlegreenfootballs.com,1,0
www.potaroo.net,0,1
cfg.dotnxdomain.net,0,1
valid.starnxdomain.net,0,1
invalid.starnxdomain.net,0,1
graphics.afpforum.com,0,1
helpukrainewinwidget.org,0,1
cdn.gravitec.media,0,1
api.gravitec.media,0,1
eu-vcode-api.vivoglobal.com,0,1
front.optimonk.com,0,1
doug1izaerwt3.cloudfront.net,0,1
d328y0m0mtvzqc.cloudfront.net,0,1
gougoi.contentcave.co.kr,1,0
www.mediacategory.com,0,1
pixel.bilinmedia.net,0,1
cdn-cs.conductor.com,0,1
freychang.fun,0,1
eu2.device-api.indigitall.com,1,0
open.spotify.com,0,1
tastelesstrucks.com,1,0
pub.searchiq.co,0,1
api.searchiq.co,0,1
static.searchiq.co,0,1
u.myopenads.com,0,1
cp.onicon.ru,0,1
h5.udrig.com,0,1
livechatv2.chat2desk.com,0,1
cmp.prisa.com,0,1
cdn.intergi.com,1,0
cdn.dreamdata.cloud,0,1
donorbox.org,0,1
cast.imp.joins.com,0,1
mlink-cdn.netinsight.co.kr,1,0
adx.mocoplex.com,0,1
post.pi-rate.com.au,0,1
files.zohopublic.com,0,1
chimpstatic.com,0,1
c.hrzn-nxt.com,0,1
mangaparkcom.disqus.com,0,1
cdn.run-syndicate.com,1,0
links.services.disqus.com,0,1
srvr.dmvs-apac.com,0,1
cdn.slots.baxter.olx.org,1,0
kz.tns-counter.ru,1,0
csp.screen9.com,0,1
csp-ssl.screen9.com,0,1
www.line-website.com,0,1
sp.zalo.me,0,1
player.sohatv.vn,0,1
auto-load-balancer.likr.com.tw,0,1
load-balancer.likr.com.tw,0,1
sun.advividnetwork.com,0,1
s2.cdnpc.net,1,0
widget.privy.com,0,1
gdl-specs.tnt-digital.com,0,1
api.zeroform.com,0,1
api-app.privacybee.com,0,1
cdn.fundraiseup.com,0,1
diqp43fm0w6zs.cloudfront.net,0,1
em.realtime.email,0,1
f.wishabi.net,0,1
d1yugwoyuva481.cloudfront.net,0,1
cdn.broadstreetads.com,1,0
tractor.attn.tv,0,1
smartlock.google.com,0,1
network-eu.bazaarvoice.com,0,1
tools.eurolandir.com,0,1
static.rolex.com,0,1
consentag.eu,0,1
retailers.rolex.com,0,1
static.pushe.co,0,1
snapwidget.com,0,1
assets.zephr.com,0,1
static.iris.informa.com,0,1
tag.imagino.com,1,0
ticksy.disqus.com,0,1
s2.getsitecontrol.com,0,1
si.education.investing.com,0,1
chart.financialcontent.com,0,1
membercenter-sdk.cmg.com,0,1
swarovski.app.baqend.com,0,1
server.recotap.com,0,1
ui.ill.in.ua,0,1
open.work.weixin.qq.com,0,1
banners-hw.trafficfactory.biz,1,0
rudo.video,0,1
ucs.betwaygroup.com,0,1
d1snv67wdds0p2.cloudfront.net,1,0
partner.mediawallahscript.com,0,1
microcenter.zendesk.com,0,1
widget-mediator.zopim.com,0,1
zgco.spxl.socy.es,1,0
api.stream-io-api.com,0,1
faye-us-east.stream-io-api.com,0,1
bt-cdn.relevant-digital.com,1,0
cdn.sendpulse.com,1,0
web.webpushs.com,1,0
images.dmca.com,0,1
firebasestorage.googleapis.com,0,1
js-eu1.hs-scripts.com,0,1
js-eu1.hscollectedforms.net,0,1
js-eu1.hs-banner.com,0,1
widgets.trustedshops.com,1,0
ca-eu.cookie-script.com,0,1
track-eu1.hubspot.com,0,1
im9.cz,0,1
sdk.korkuma.com,0,1
serve.productads.cz,0,1
cookie-script.com,0,1
bgstats.mox.tv,0,1
0.code.cotsta.ru,0,1
a.cotsta.ru,0,1
t.cotsta.ru,0,1
na-library.klarnaservices.com,0,1
cdn1.affirm.com,0,1
www.affirm.com,0,1
api-cf.affirm.com,1,0
cdn.dynamicyield.com,0,1
st.dynamicyield.com,0,1
va.idp.liveperson.net,0,1
www.betano.de,0,1
dvoifeu967qr1.cloudfront.net,0,1
scripts.mediavine.com,1,0
buttons.github.io,0,1
cdn-scissors.gigaviewer.com,0,1
dosbg3xlm0x1t.cloudfront.net,0,1
cdn.speakol.com,1,0
adipolo.com,1,0
pass-api-v2.canal-plus.com,0,1
stmg-prod.mirror.co.uk,1,0
uktc.fospha.com,0,1
pahtnf.tech,0,1
rtbonecode.com,0,1
sdkapi.netmera.com,0,1
cdn2.cache.vn,0,1
beacon.taboola.com,0,1
cdn.adnext.fr,1,0
kpi.adverline.com,0,1
sgm-static.jd.com,0,1
sgm-m.jd.com,0,1
qdsdk.jd.com,0,1
biz.jd.com,0,1
sgm-m-d.jd.com,0,1
z.lmcdn.ru,0,1
lulus.tt.omtrdc.net,0,1
noembed.com,0,1
us71wnlokm-dsn.algolia.net,0,1
apps.mypurecloud.de,0,1
cultofmac.disqus.com,0,1
cdn.wishpond.net,0,1
d39ion77s0ucuz.cloudfront.net,0,1
cdn.segmentify.com,1,0
cdn.sgmntfy.com,0,1
typhoon.useinsider.com,1,0
api.openweathermap.org,0,1
fpf.hybrid.ai,1,0
static.user-red.com,1,0
regionsbank.mpeasylink.com,0,1
udxsva.com,0,1
sscors.w2.r-99.com,0,1
chat-cf.bc0a.com,0,1
lib-us-3.brilliantcollector.com,1,0
platform.houzz.com,0,1
ssp.disqus.com,0,1
preferences.truste.com,0,1
node-sber1-az3-4.jivosite.com,0,1
choices.truste.com,0,1
works.gsspcln.jp,1,0
aa.tweakers.nl,0,1
us-content.vergic.com,0,1
us-aicpa.vergic.com,0,1
clapi.civiccomputing.com,0,1
code.angularjs.org,0,1
dygassets.dygdigital.com,0,1
geo.ipify.org,0,1
static.ordergroove.com,0,1
qatarliving.zendesk.com,0,1
cdn.funnelenvy.com,0,1
c.delivery.consentmanager.net,0,1
router.funnelenvy.com,0,1
cdn.amcharts.com,0,1
cdn1.friendbuy.com,1,0
open.weixin.qq.com,0,1
cdn.devmate.com,0,1
api.clearvpn.com,0,1
hello.devmate.com,0,1
b.hatena.ne.jp,0,1
jscloud.net,0,1
ymg.teraboxcdn.com,0,1
cdn.lightwidget.com,0,1
tags-eu.tiqcdn.com,0,1
mafo1.myaudience.de,0,1
asmscript.xyz,0,1
cdn.insigit.com,1,0
www.ultimedia.com,0,1
rss-loader.com,0,1
sync-tag.karte.io,0,1
t.karte.io,0,1
ui.cltpstatic.com,0,1
publicapi.misitemgr.com,0,1
media.ethicalads.io,1,0
consents-cf.bc0a.com,0,1
cookie-cdn.bc0a.com,0,1
vtvkm5urpx-dsn.algolia.net,0,1
network.bazaarvoice.com,0,1
clientfiles.intelligentreach.com,0,1
destructoid.disqus.com,0,1
ufe.user1st.info,0,1
ide.user1st.info,0,1
web-2-tel.com,0,1
portal.gsight.net,0,1
99.dnpz123.com,0,1
geoapi.indiatimes.com,0,1
jssocdn.indiatimes.com,0,1
ad.invamia.com,0,1
widget.svk-native.ru,0,1
blastieliatris.com,0,1
libs.lavoz.com.ar,0,1
eu.cookie-script.com,0,1
api.pushio.com,0,1
www.rvty.net,0,1
brain.rvty.net,0,1
download.pi.dynamics.com,0,1
cdn2.caroda.io,1,0
bnr.alza.cz,0,1
www.meteoblue.com,0,1
static.x-plarium.com,0,1
api.lever.co,0,1
ssif1.globalsign.com,0,1
api.facebook.com,0,1
mc.us15.list-manage.com,0,1
cdn.cityspark.com,0,1
p.cityspark.com,0,1
snippet.ramblechat.com,0,1
realtime.ramblechat.com,0,1
chat-visitor-info.terminus.services,0,1
iotas.terminus.services,0,1
alliance.breaktime.com.tw,1,0
breaktime.tw,0,1
rhea-cache.advividnetwork.com,0,1
avividone.likr.tw,0,1
sf.ezoiccdn.com,0,1
cdn.fluidplayer.com,0,1
bulrev.com,1,0
mangawindow.disqus.com,0,1
widgets.media.weather.com,0,1
link.theplatform.com,0,1
analytics.responsiveads.com,0,1
accounts.tatadigital.com,0,1
bom-col.eum-appdynamics.com,1,0
ministore.helthjem.no,0,1
static.privacy.schibsted.com,0,1
jssdk.touchpoints.schibsted.media,0,1
smartplugin.youbora.com,0,1
cogwheel.inventory.schibsted.io,0,1
media.theporndude.com,1,0
7a4a7120e2.49cb936390.com,0,1
js.pelcro.com,0,1
www.pelcro.com,0,1
sorrythatth.fun,0,1
r.trwl1.com,0,1
westus2-0.in.applicationinsights.azure.com,1,0
widgetapi.instabot.io,0,1
ma1063-r.analytics.edgekey.net,1,0
cloud.gpowersoft.com,0,1
ddfhyekk53l1c.cloudfront.net,0,1
webfood.info,0,1
player.podigee-cdn.net,0,1
www.mainadv.com,1,0
ck.tangooserver.com,0,1
js.captcha-display.com,0,1
l0.videohub.tv,0,1
l0-secure.videohub.tv,0,1
gw.cds.amcn.com,0,1
go.joinlpl.com,0,1
assets.anyclip.com,1,0
cdn5.anyclip.com,1,0
tapi.optimizely.com,0,1
uplift-cdn-stg.uplift.com,0,1
static.solarwinds.com,0,1
referrer.solarwinds.com,0,1
ads-cdn.loopaautomate.com,1,0
looparesources.azureedge.net,0,1
in.au1.segmentapis.com,0,1
c.keltis.com,0,1
api.corr.life,0,1
cdn2.admatic.com.tr,1,0
cdn.admatic.com.tr,1,0
cdn.lfstmedia.com,1,0
img.creator-prod.zmags.com,0,1
alaps-kz.kcdn.online,0,1
alatp-kz.kcdn.online,0,1
alakcell-kz.kcdn.online,0,1
alakt-kz.kcdn.online,0,1
astps-kz.kcdn.online,0,1
pvlkt-kz.kcdn.online,0,1
check.koleso.kz,0,1
atrkt-kz.kcdn.online,0,1
shmkt-kz.kcdn.online,0,1
graph.instagram.com,0,1
ipify-dot-hani-app-256808.appspot.com,0,1
advfn.zendesk.com,0,1
cdn.sbgsodufuosmmvsdf.info,1,0
paywall-ad-bucket.s3.amazonaws.com,0,1
js.afterpay.com,0,1
dillards.attn.tv,0,1
pftag.scholarlyiq.com,0,1
r.boardgamearena.net,0,1
api.trafficguard.ai,1,0
bywe2.byside.com,0,1
wwe2.byside.com,0,1
pnwe2.byside.com,0,1
webcare.byside.com,1,0
api.ipstack.com,0,1
www.faculty.uci.edu,0,1
cdn.demandjump.com,0,1
api-eu1.hubapi.com,0,1
1.1.1.1,1,0
img.webmd.com,0,1
preferences.trustarc.com,0,1
dfp.bouncex.net,0,1
widgets.getpocket.com,0,1
static.adroute.focas.jp,0,1
player.pstatic.gr,0,1
scripts.bestprice.gr,0,1
static.madinad.com,0,1
call.thebutterfly.eu,0,1
api-v3.madinad.com,0,1
source.bidgear.com,1,0
pro.novibet.gr,0,1
cathaypacific.queue-it.net,0,1
cdn.medyanetads.com,1,0
www.hurpass.com,0,1
api-maps.yandex.ru,0,1
snippet.growsumo.com,0,1
api.cloudquote.net,0,1
wruwidget.blob.core.windows.net,0,1
checkout.razorpay.com,0,1
api.razorpay.com,0,1
image.moengage.com,1,0
ipa.elev.io,0,1
sc79643106llms1.cobrowse.oraclecloud.com,0,1
public.cobrowse.oraclecloud.com,0,1
analytics-sm.com,0,1
www.papayads.net,1,0
bes.mobfox.com,0,1
tp.hd.mi.com,0,1
e.so.com,0,1
cl695.socialnow.site,0,1
cdn.socialnow.site,0,1
track.socialnow.site,0,1
sw.socialnow.site,0,1
s.sarafan.fun,0,1
godsave.lgbt,0,1
prettypasttime.com,1,0
cdn.fastcomments.com,0,1
embed.air.tv,0,1
cdn-sp-s3.air.tv,0,1
counts.air.tv,0,1
asmedia.adsupplyssl.com,1,0
delivery.gettopple.com,0,1
engine.gettopple.com,0,1
webapi.amap.com,0,1
www.appdraft.link,0,1
creative.leojmp.com,0,1
cdn25.lemnisk.co,1,0
node-sber1-az1-3.jivosite.com,0,1
www.casasbahia-imagens.com.br,0,1
via-ads-api.viavarejo.com.br,0,1
tjs.cncenter.cz,0,1
script.idvert.cz,0,1
service.yourviews.com.br,0,1
s3-sa-east-1.amazonaws.com,0,1
plugin.handtalk.me,0,1
dlprdevhmarketing.servicebus.windows.net,0,1
npreco.api-casasbahia.com.br,0,1
recs.chaordicsystems.com,0,1
image.useinsider.com,1,0
loc1.hitsprocessor.com,1,0
cse.expertrec.com,0,1
d29usylhdk1xyu.cloudfront.net,0,1
8c11ebd904100d.rogersmedia.com,0,1
images.rogersdigitalmedia.com,0,1
cdn.feedbackify.com,0,1
static.syncsearch.jp,0,1
utilityx.herokuapp.com,0,1
web.archive.org,1,0
otp-mta-prod.camsys-apps.com,0,1
collector-otp-prod.camsys-apps.com,0,1
crain-global.s3.amazonaws.com,0,1
blogroll.livedoor.net,0,1
cnobi.jp,0,1
core-renderer-tiles.maps.yandex.net,0,1
member.livedoor.com,0,1
t.blog.livedoor.jp,0,1
openvpn.zendesk.com,0,1
adviser.bs-dante.ru,0,1
project78122.tilda.ws,0,1
api.carrotquest.app,0,1
push.daksham.in,0,1
sgapps.supremegolf.com,0,1
go.metabet.io,0,1
web-rabbit.meitustat.com,0,1
lib.sinaapp.com,0,1
align-patient-concierge.ada.support,0,1
c.pmsrv.co,0,1
rssbank.ir,0,1
cross.nznweb.com.br,0,1
img.ibxk.com.br,0,1
api.weather.gov,0,1
whatson.titantv.com,0,1
www.vuit.com,0,1
survey.alchemer.com,0,1
discovery.evvnt.com,0,1
rss.mrfood.com,0,1
demo.tldw.me,1,0
rdc-api-catalog-gateway-api.rakuten.co.jp,0,1
views.scientific-python.org,0,1
fonts.bunny.net,0,1
cdn.connectif.cloud,1,0
addtocalendar.com,0,1
service.wemass.com,0,1
fonts.mailerlite.com,0,1
translations.platform.pulselive.com,0,1
cdn.somplo.com,0,1
adserve.somplo.com,0,1
pixel.somplo.com,0,1
scale.somplo.com,0,1
serve.somplo.com,0,1
api.fixelapp.com,0,1
va-s.c.liveperson.net,0,1
hb-dot-valuad.appspot.com,0,1
meitavads-18723.kxcdn.com,0,1
tms.ingservices.nl,0,1
italki.zendesk.com,0,1
id.zopim.com,0,1
smanavi.net,0,1
affiliate.dtiserv.com,1,0
img.fam-ad.com,0,1
users.adriamediacontent.com,0,1
www.adriamediacontent.com,0,1
jstatic.letvcdn.com,0,1
kurirrs.mycleverpush.com,0,1
api.cleverpush.com,1,0
dc.letv.com,0,1
fe-go.letv.com,0,1
ark.letv.com,0,1
checkout.freemius.com,0,1
app.snipcart.com,0,1
cdn.tiny.cloud,0,1
assets.freshsales.io,0,1
bitwarden.freshsales.io,0,1
static.ngs.ru,0,1
cdn.ngs.ru,0,1
ac.ajur.info,0,1
app-eu1.hubspot.com,0,1
perf-eu1.hsforms.com,1,0
info.weather.yandex.net,0,1
stc-sp.zingcdn.me,0,1
adtima-static.zascdn.me,1,0
zmeli.zapps.vn,0,1
www.youmaker.com,0,1
s8kvb6qnle.execute-api.us-west-2.amazonaws.com,0,1
identify.tankeai.com,0,1
tj6w5.flx10.com,0,1
huntingtonbank.inq.com,0,1
www.frontpages.gr,0,1
api.ewscloud.com,0,1
sdk.truepush.com,1,0
analytics.madgex.com,0,1
content.zeotap.com,1,0
node-ya16.jivosite.com,0,1
p4-ap5p5ymw7nlwu-q62p5tmqw5djtjnp-if-v6exp3-v4.metric.gstatic.com,0,1
secure.keep0push.com,0,1
secure.providesupport.com,0,1
image.providesupport.com,0,1
orcid.org,0,1
cdn.epsilondelta.co,1,0
pagespeed.deliveryhero.net,0,1
audience-scripts.yektanet.com,1,0
media.najva.com,1,0
bc.marfeel.com,1,0
cdn1.366.fr,0,1
refresh.pbstck.com,1,0
gdpr.studybreakmedia.com,0,1
media.studybreakmedia.com,0,1
bff.writing.chegg.com,0,1
sdk-service.nsureapi.com,0,1
mktdplp102cdn.azureedge.net,0,1
messaging.sourcepoint.com,0,1
shop-images.imgix.net,0,1
publish.gacraft.jp,1,0
t.dc-tag.jp,0,1
app-sj13.marketo.com,0,1
pradagroupwebchat.azurewebsites.net,0,1
static.zotabox.com,0,1
www.dgtrx.com,0,1
sa.online.sberbank.ru,0,1
8kwky1agm3.a.trbcdn.net,0,1
sve.online.sberbank.ru,0,1
dmp.sbermarketing.ru,0,1
dmp-profiles.sbermarketing.ru,0,1
beacon.video.llnw.net,0,1
rep.webullfintech.com,0,1
quanta-mag.disqus.com,0,1
assetscdn.pushengage.com,1,0
telegraphindia.pushengage.com,1,0
cdn.stroeerdigitalgroup.de,0,1
xd.wayin.com,0,1
ads.digitalcaramel.com,0,1
grouple.co,0,1
fsm-vfc.attraqt.com,0,1
widget-view.dmm.co.jp,0,1
img-c.net,0,1
www.snapengage.com,0,1
innertrends.s3.amazonaws.com,0,1
adit.spain.advgo.net,1,0
c0.avaamo.com,0,1
cdn.acru.io,0,1
recommend-zoom.mediacorp.sg,0,1
premiumtimes.disqus.com,0,1
hcode-marketing.s3.amazonaws.com,1,0
s.adx.opera.com,0,1
app.ecwid.com,0,1
data.ontario.ca,0,1
static.app.delivery,0,1
widgets.media.sportradar.com,0,1
apl.photoccino.com,0,1
siteintercept.allegiancetech.com,1,0
www.freenom.world,0,1
account.docusign.com,0,1
d9fez6.tdum.alibaba.com,0,1
sys.datadrivenpromotion.com,0,1
cdn.uxfeedback.ru,0,1
rutube.news,0,1
widget-api.uxfeedback.ru,0,1
www.cbvisittracker.com,0,1
cdn.botframework.com,0,1
trackit.ktxlytics.io,0,1
connect.ok.ru,0,1
smi2.net,0,1
consent.jrs5.com,0,1
egenerator.wufoo.com,0,1
trace.51jingying.com,0,1
search-api.swiftype.com,0,1
static.geetest.com,0,1
scripts.botfaqtor.ru,0,1
qoopler.ru,0,1
5-182-5-41.botfaqtor.ru,0,1
code.cake022.ru,0,1
w.botfaqtor.ru,0,1
static.indoleads.com,1,0
profilepxl.ru,0,1
ruperstat.ru,0,1
rupertino.ru,0,1
perstat.ru,0,1
webecyzo.com,0,1
m.webecyzo.com,0,1
c.webecyzo.com,0,1
manalyticshub.com,0,1
pixel.detmir.ru,0,1
cdns.tblsft.com,1,0
pixel.data-leads.ru,0,1
cdnl.tblsft.com,1,0
hpe.tt.omtrdc.net,0,1
kooora.cognativex.com,1,0
static.cognativex.com,1,0
detect-survey.effectivemeasure.net,1,0
iabmap.evidon.com,0,1
www.asahicom.jp,0,1
dw-online.ksosoft.com,0,1
shuc-js.ksord.com,0,1
play.selectmedia.asia,1,0
serv-selectmedia.com,1,0
player.hb.selectmedia.asia,1,0
cdn.webpush.jp,0,1
www.pages07.net,0,1
api.webpush.jp,0,1
video.unrulymedia.com,1,0
dkapi.geetest.com,0,1
futalis.de,0,1
img.mfcimg.com,0,1
uid.mavencoalition.io,0,1
utility.mail.163.com,0,1
countly.mail.163.com,0,1
mam.netease.com,0,1
api.gotinder.com,0,1
etl.tindersparks.com,0,1
clickio.mgr.consensu.org,0,1
cdn.clickiocdn.com,1,0
advertiser.inmobiapis.com,0,1
app.posthog.com,0,1
static.site24x7rum.in,0,1
hdjs.bigda.com,0,1
app3.salesmanago.com,0,1
image.uc.cn,0,1
yne8nhtpw4pmzzo2a.ay.delivery,1,0
cdnapisec.kaltura.com,0,1
tvem.cdn.turner.com,0,1
e.infogr.am,0,1
rcdn.kervinteractive.com,0,1
s1.bss.2gis.com,0,1
favorites.api.2gis.ru,0,1
track.coherentpath.com,1,0
cdn.zineone.com,0,1
s.btstatic.com,0,1
apps.zineone.com,0,1
rcom.dynamicyield.com,0,1
dashboard.presspatron.com,0,1
georgiatech.usablenet.com,0,1
crm-zendesk.wondershare.cc,0,1
ensighten.bhphoto.com,0,1
07c0aec6173f.cdn4.forter.com,1,0
ams-depr-public.s3.amazonaws.com,0,1
api.viqeo.tv,0,1
data.videonow.ru,0,1
zagent29.h-cdn.com,0,1
cdn-pci.optimizely.com,0,1
dk98ddgl0znzm.cloudfront.net,0,1
embed.scribblelive.com,0,1
apiv1.scribblelive.com,0,1
yearlylight.com,0,1
img.pornfhd.com,0,1
d2c7xlmseob604.cloudfront.net,0,1
eu-library.klarnaservices.com,0,1
twemoji.maxcdn.com,0,1
wp.qiye.qq.com,0,1
bqq.gtimg.com,0,1
webpage.qidian.qq.com,0,1
admin.qidian.qq.com,0,1
t.gdt.qq.com,0,1
v.qidian.qq.com,0,1
tamaegis.com,0,1
www.livemint.com,0,1
us-central1-csp-violation-report-service.cloudfunctions.net,0,1
dap.hindustantimes.com,0,1
analytics.bgalytics.com,0,1
plugins.flockler.com,0,1
intercept-client.inmoment.com,0,1
www.inmoment.com,1,0
vs.youmaker.com,0,1
pwe.epochbase.com,0,1
comment.youmaker.com,0,1
sc.youmaker.com,0,1
js.chargebee.com,0,1
subsapi.epoch.cloud,0,1
services.epoch.cloud,0,1
image-eu.moengage.com,1,0
beta.ctvnews.ca,0,1
cdn-go.cn,0,1
dscache.tencent-cloud.cn,0,1
cdn.n.dynstc.com,0,1
sync.sharethis.com,0,1
shield.sitelock.com,1,0
api.viglink.com,0,1
cdn.koala.live,0,1
t.justatic.com,0,1
api.adsttc.com,0,1
ms-cookie-sync.presage.io,1,0
vmp-eu.boldchat.com,0,1
iframe.ly,0,1
webc2s.pubgw.yahoo.com,0,1
login-static.dpgmedia.net,0,1
login.dpgmedia.nl,0,1
myprivacy.dpgmedia.nl,0,1
c.dpgmedia.net,0,1
errors.aliyun.com,0,1
medya.ilan.gov.tr,0,1
mp.subservis.com,0,1
hurpass.com,0,1
cpm.programattik.com,0,1
revboostprocdnadsprod.azureedge.net,0,1
ads.revjet.com,0,1
ghb.bidder.jmgads.com,0,1
cdn.blisspointmedia.com,1,0
app.adoric-om.com,1,0
nerdwallet.cloudflareaccess.com,0,1
prebid.cootlogix.com,1,0
xdaportal.disqus.com,0,1
mc.us7.list-manage.com,0,1
r1.abcimg.es,0,1
r2.abcimg.es,0,1
r4.abcimg.es,0,1
r3.abcimg.es,0,1
form.jotform.com,0,1
intent.relay.cool,0,1
api64.ipify.org,0,1
adobecorp.hb.omtrdc.net,1,0
esi.edge.permutive.app,1,0
cdn5-thumbs.motherlessmedia.com,0,1
dataviz.nbcnews.com,0,1
apps.usw2.pure.cloud,0,1
api.usw2.pure.cloud,0,1
secure.bomb5mild.com,0,1
site-images.similarcdn.com,0,1
webchat.helpshift.com,0,1
www.cdn-net.com,0,1
friendship.nbc.co,0,1
api.wf.pub,0,1
bbs-app.meizu.cn,0,1
static.srcspot.com,0,1
rs.gwallet.com,1,0
cdn.dotaoutpost.com,0,1
zaf.api.fanbyte.com,0,1
nbcsports-bz.h-cdn.com,0,1
imstore.bet365affiliates.com,1,0
www.sparwelt.de,0,1
te.technical-service.net,0,1
www.ncbi.nlm.nih.gov,0,1
assets.capterra.com,0,1
quitzon.net,0,1
bashirian.biz,0,1
buckridge.link,0,1
visitor-services.boldchat.com,0,1
vms-eu.boldchat.com,0,1
abeagle-public.buzzfeed.com,0,1
dmm-extension.com,0,1
retail.googleapis.com,0,1
gdpr.reastatic.net,0,1
monarch.cohesionapps.com,1,0
analitik2.edevlet.gov.tr,0,1
der.joshuarms.com,0,1
jsapi.lightboxcdn.com,0,1
global.oktacdn.com,0,1
segment.api.sphdigital.com,0,1
dsuwzj1tch87b.cloudfront.net,0,1
uid.sphlabs.com,0,1
analytics1.ninahale.net,0,1
art.azureedge.net,0,1
ls.skimresources.com,0,1
apif-cf.bc0a.com,0,1
zjaasd.zappos.com,0,1
wimg.golden-gateway.com,1,0
directory.cookieyes.com,0,1
api.kuaichuan.360.cn,0,1
accounts.ea.com,0,1
nzme-ads.co.nz,1,0
api.look.360.cn,0,1
notifikace.seznam.cz,0,1
pin-river.data.ea.com,0,1
share.seznam.cz,0,1
api.popin.cc,0,1
qa-events-schema.viacom.tech,0,1
c-ng.seznam.cz,0,1
jp.popin.cc,0,1
i.seznam.cz,0,1
10.im.cz,0,1
events-collector-api.viacom.tech,0,1
btg.mtvnservices.com,0,1
ingov.zendesk.com,0,1
cdn.adgtw.orangeads.fr,1,0
y2y10mz7jy-dsn.algolia.net,0,1
images.ads.supplyframe.com,1,0
cnt.worldota.net,0,1
typesquare.com,0,1
lse.funnelback.co.uk,0,1
zazzle.attn.tv,0,1
sp-trk.com,0,1
app.chatplus.jp,0,1
chat.quickcep.com,0,1
c.go-fet.ch,0,1
jstatic.sogoucdn.com,0,1
app.quickcep.com,0,1
huichuan.sm.cn,0,1
push.delivery.ethinking.de,0,1
58pic.cn-qingdao.log.aliyuncs.com,0,1
fnifge.tdum.alibaba.com,0,1
marketo.clearbit.com,1,0
acjs.aliyun.com,0,1
v2.zopim.com,0,1
groupon.attn.tv,0,1
api.dvidshub.net,0,1
api.experimentation.xogrp.com,0,1
gap.attn.tv,0,1
static.xiaomi.net,0,1
d3bniy34hlitso.cloudfront.net,0,1
adimg.wisenut.co.kr,0,1
mixer.mediacategory.com,0,1
adsvc2.wisenut.co.kr,0,1
app.purechat.com,0,1
api.purechat.com,0,1
checkin.purechat.com,0,1
deploy.mopinion.com,1,0
surfnl.containers.piwik.pro,1,0
api.primecaster.net,0,1
js.monetize-ssp.com,0,1
c2-sandbox.piano.io,0,1
secure.onsugar.com,0,1
rumpicstdmsft.azureedge.net,0,1
cdn.firebase.com,0,1
cdn.cfptaddons.com,0,1
cf2-private-production-workspaces-assets.s3.amazonaws.com,0,1
my.capibox.com,0,1
edge.userview.net,0,1
res2.wx.qq.com,0,1
config.userview.net,0,1
event-push.userview.net,0,1
ac.userview.net,0,1
magnetapi.klangoo.com,1,0
js.recurly.com,0,1
62ea30a39dede4f6d44ac289591051076c294526.cws.conviva.com,1,0
www.ezojs.com,0,1
rs.20m.es,0,1
dkumiip2e9ary.cloudfront.net,0,1
www.tidio.com,0,1
10033822.metrics.convertexperiments.com,1,0
d88f3ym7dkyv7.cloudfront.net,0,1
popup-static.unisender.com,1,0
popup.unisender.com,0,1
d2i34c80a0ftze.cloudfront.net,0,1
api.huckabuy.com,0,1
data.smashing.services,0,1
files.ampush.io,0,1
tr.api.itmedia.jp,0,1
dlv.itmedia.jp,0,1
js.userflow.com,0,1
static.axept.io,0,1
static.avads.net,0,1
nocookie.avads.net,0,1
daisycontroversy.com,0,1
sc.3xdb.com,0,1
fra-v4.pops.fastly-insights.com,1,0
platform.intentpro.io,0,1
po.joshuarms.com,0,1
chc-v4.pops.fastly-insights.com,1,0
kigq-v4.pops.fastly-insights.com,1,0
bare-v4.pops.fastly-insights.com,1,0
bkk-v4.pops.fastly-insights.com,1,0
lim-v4.pops.fastly-insights.com,1,0
phx-v4.pops.fastly-insights.com,1,0
man-v4.pops.fastly-insights.com,1,0
dsms0mj1bbhn4.cloudfront.net,0,1
cdn.socket.io,0,1
portal-portm.meituan.com,0,1
itrip.meituan.com,0,1
cdn.iframe.ly,0,1
in.eu2.segmentapis.com,0,1
cdn.thelead.tech,0,1
connect.thelead.tech,0,1
activecampaigninc.zendesk.com,0,1
cdn.wazimo.com,0,1
assets.minutemediacdn.com,0,1
cdn.equalweb.com,0,1
cdn.mmctsvc.com,1,0
idm.skplanet.com,0,1
v2.listenloop.com,0,1
abm2.listenloop.com,0,1
d1yu67rmchodpo.cloudfront.net,0,1
chartbeat.zendesk.com,0,1
collector-pxosx7m0dx.px-cloud.net,0,1
my2.imgsmail.ru,0,1
o2.mail.ru,0,1
stat.radar.imgsmail.ru,1,0
static.glanacion.com,0,1
cookie.norstatsurveys.com,1,0
trafico.prensaiberica.es,0,1
motor-cdn.prensaiberica.es,0,1
experience-eu.piano.io,0,1
buy-eu.piano.io,0,1
analytics.prensaiberica.es,0,1
id-eu.piano.io,0,1
c2-eu.piano.io,0,1
mat.socy.es,1,0
quantummetric.wpengine.com,0,1
ddzuuyx7zj81k.cloudfront.net,0,1
dss6ntp5q2r0o.cloudfront.net,0,1
einwilligungsspeicher.netid.de,0,1
web-vitals.bfops.io,1,0
use.fonts.360.cn,0,1
fonts.speaker.360.cn,0,1
notification.kr.riotgames.com,0,1
auth.riotgames.com,0,1
platform.33across.com,0,1
player.theplatform.com,0,1
pmd205470tn-a.akamaihd.net,0,1
stage-id.nbc.com,0,1
gw.homeway.com.cn,0,1
prod-sb-appanalytics-us1.servicebus.windows.net,0,1
seal.knowsafe.com,0,1
zgsdk.zhugeio.com,0,1
u.zhugeapi.net,0,1
ccc.vgcontent.info,0,1
webchat-cls30.i6.inconcertcc.com,0,1
curvycry.com,1,0
e0.tmid.es,0,1
storage.leafmedia.io,1,0
convertflow.co,0,1
d33pn8gtn0nu9p.cloudfront.net,0,1
analytics.ovh.com,1,0
cdn.skcrtxr.com,0,1
sc67825794llms2.cobrowse.oraclecloud.com,0,1
csp.walmart.com,0,1
kayma-dashboards.com,0,1
gelclinchfranz.com,0,1
middycdn-a.akamaihd.net,0,1
srv-2022-08-12-12.pixel.parsely.com,0,1
reco.ebu.io,0,1
franceinfo.reco.ebu.io,0,1
mparticle.prismic.io,0,1
js.soufunimg.com,0,1
www.dhresource.com,0,1
api.xtremepush.com,1,0
pixeltrack.clientgear.com,1,0
rt.adtiming.com,0,1
cdn.preciso.net,0,1
ck.2trk.info,0,1
img.adtiming.com,0,1
akimilo.com,0,1
wihonevi.com,0,1
static.gortb.com,0,1
api.hrznads.com,0,1
m.wihonevi.com,0,1
cdn.calibermind.com,0,1
us.ck-ie.com,0,1
c.wihonevi.com,0,1
formstack.marketlinc.com,0,1
visitor-scoring.marketlinc.com,0,1
ajax.cloudflare.com,0,1
api.exchangeratesapi.io,0,1
hat.thepointyspritesclub.com,0,1
clickup.marketlinc.com,0,1
core.thepointyspritesclub.com,0,1
log.espn.com,0,1
mtusgate.de,0,1
apm-proxy.app.elstc.co,1,0
cdn.ckeditor.com,0,1
wemarketing.webempresa.eu,0,1
hummingbirdwebsocket-va7.cloud.adobe.io,0,1
cashback.takhfifan.com,0,1
pyxis.nymag.com,0,1
client.nymag.com,0,1
s.uicdn.com,0,1
zero.pointlessplay.com,0,1
p1.answerdash.com,0,1
mapi.huffpost.com,0,1
cdn.inpwrd.net,0,1
fls-eu.amazon.co.uk,0,1
dd6zx4ibq538k.cloudfront.net,1,0
api.qubit.com,0,1
gong-eb.qubit.com,0,1
zdwidget3-bs.sphereup.com,0,1
pages.verizonmedia.com,0,1
assets.djicdn.com,0,1
apm-server.djiops.com,1,0
d3jdulus8lb392.cloudfront.net,1,0
g3pljd.tdum.alibaba.com,0,1
prodo-api.ariva-services.de,0,1
adcdn.ster.nl,0,1
cdn.optoutadvertising.com,1,0
www.getfeedback.com,0,1
netgear.attn.tv,0,1
api.ip6.org.il,0,1
experience.ex.co,0,1
embed.ex.co,1,0
eu1-prod.disco-api.com,0,1
st.chatango.com,0,1
www.fuzeqna.com,0,1
pncnationalbank.tt.omtrdc.net,0,1
live.clive.cloud,0,1
9xay7d.tdum.alibaba.com,0,1
go.taylorandfrancis.com,0,1
api.boxever.com,0,1
metabet.api.areyouwatchingthis.com,0,1
metabet.static.areyouwatchingthis.com,0,1
r1.visualwebsiteoptimizer.com,0,1
api.accuweather.com,0,1
user-analysis.7moor.com,0,1
yameyou.com,0,1
paslaugos.iv.lt,0,1
www.jianpian.vip,0,1
duckbase.com,0,1
cdn.flip-pay.com,0,1
sla.tlprt.cloud,0,1
gdpr.loopme.com,0,1
api.ffbbbdc6d3c353211fe2ba39c9f744cd.com,1,0
kcc0.com,0,1
tk0x1.com,0,1
zacdl7s16q-dsn.algolia.net,0,1
mediamathrdrt.com,1,0
products.admaxium.com,1,0
prdredir.com,1,0
members.bet365.com,0,1
ads.rwadx.com,0,1
cdn.vidcrunch.com,0,1
gateway.skyscanner.net,0,1
context.iris.tv,0,1
statchecker.yandex.ru,0,1
nakamasweb.com,1,0
static.sensorsdata.cn,1,0
fb.alimama.com,1,0
pingback.podtrac.com,0,1
studio.airtory.com,0,1
overlay-track.sailthru.cloud,0,1
app-sj05.marketo.com,0,1
d1lxhc4jvstzrp.cloudfront.net,1,0
brigi-jar.com,0,1
aldeb-zeu.com,0,1
cdn.tavoos.net,0,1
zsearch.zoomd.com,0,1
9vtv7z.tdum.alibaba.com,0,1
asgdfasad.mm-cgnews.com,1,0
securemedia.newjobs.com,0,1
www.adobetag.com,1,0
www.pages08.net,0,1
srv-2022-08-12-13.pixel.parsely.com,0,1
www.klart.se,0,1
session-service.login.schibsted.com,0,1
collectorsvc.apac.vesta.io,1,0
psr.staticbg.com,0,1
cdn.trackmytarget.com,1,0
static.accesstrade.vn,1,0
api.moxielinks.com,0,1
scripts.rubiconredirect.com,0,1
audience.ads-target.com,0,1
cdn.dsspn.com,0,1
userjournies.com,0,1
admaxium.com,1,0
3e8f6ac6dc32.cdn4.forter.com,1,0
metrics.apac.vesta.io,0,1
embedr.flickr.com,0,1
static3.lietou-static.com,0,1
amp.akamaized.net,0,1
images.netizen.co,1,0
ipapi.optiryte.com,0,1
data-api.wp.pl,0,1
a.optnmstr.com,0,1
track.beanfun.com,0,1
pinformer.sinoptik.ua,0,1
kinoafisha.ua,0,1
api.phoenix-widget.com,0,1
ads.adnuntius.delivery,0,1
cs01.trafmag.com,1,0
afl.rozetka.com.ua,0,1
ai.iwencai.com,0,1
ad.thsi.cn,0,1
salesiq.zohopublic.eu,0,1
www.woorank.com,0,1
community-uploads.highwinds-cdn.com,0,1
mobileapi.tdameritrade.wallst.com,0,1
embed.rcrsv.io,0,1
charter.asapp.com,0,1
i.konduto.com,0,1
recaptcha.net,0,1
upcdn.b0.upaiyun.com,0,1
digitalservices.ap.org,0,1
saambaa.com,1,0
saambaa-static.azureedge.net,1,0
vue.comm100.com,0,1
chatserver12.comm100.io,0,1
assets-cli.udesk.cn,0,1
basevistor.udesk.cn,0,1
webdata.iag.cloud,0,1
s.prcdn.co,0,1
tg1.vuukle.com,0,1
player.vuukle.com,1,0
serv.vuukle.com,0,1
servs.vuukle.com,0,1
origin.wolframcdn.com,0,1
stats1.wpmudev.com,0,1
cafepress.attn.tv,0,1
699pic.cn-shanghai.log.aliyuncs.com,0,1
gcaptcha4.geetest.com,0,1
pushpad.xyz,0,1
parsley.detik.com,0,1
app-sjqe.marketo.com,0,1
snglr.s3.amazonaws.com,0,1
assets.gospringboard.io,0,1
static.runoob.com,0,1
pixel.onead.com.tw,0,1
events-web.meeshoapi.com,0,1
store.externulls.com,0,1
wish.pxf.io,0,1
api3.fox.com,0,1
partner.o2online.de,0,1
id.popin.cc,0,1
strm.yandex.ru,0,1
connect.detik.com,0,1
pwa-assets.os-cdn.com,0,1
w.sharethis.com,0,1
payments.juspay.in,0,1
evt.24.com,0,1
api-secure.solvemedia.com,0,1
s08.flagcounter.com,1,0
bc.marfeelcache.com,1,0
titania.marfeel.com,1,0
goplatform.gojekapi.com,0,1
blibli.gw-dv.net,0,1
43ea2a5t.apicdn.sanity.io,0,1
liveuamapcom.disqus.com,0,1
trendads.betfindr.com,0,1
media.sailthru.com,1,0
vpb-server.jwplayer.com,0,1
www.heytapmobi.com,0,1
mobileads.indiatimes.com,1,0
cdn.nocodeflow.net,0,1
ams900.goo.ne.jp,0,1
cdn.finsweet.com,0,1
bwb101.goo.ne.jp,0,1
scholar.google.com,0,1
celtraidentity.com,0,1
track.celtra.com,0,1
tw.popin.cc,0,1
cdn.split.io,0,1
chewy.widget.custhelp.com,0,1
us.app.unleash-hosted.com,0,1
flow.1passwordservices.com,0,1
api.activecalendar.com,0,1
cdn.endorsal.io,0,1
sftp.sgp1.digitaloceanspaces.com,0,1
api.cloud.mediaset.net,0,1
thegatewaypundit.disqus.com,0,1
getintopcofficial.disqus.com,0,1
www.cision.com,0,1
androidauth.wpengine.com,1,0
js.boxx.ai,0,1
singroot.com,1,0
vmss.boldchat.com,0,1
vms.boldchat.com,0,1
walls.io,0,1
my.walls.io,0,1
cdn.popt.in,1,0
9ioacg5nhe-dsn.algolia.net,0,1
castatic.fengkongcloud.cn,0,1
titan.citrix.com,0,1
lf9-cdn-tos.bytecdntp.com,0,1
web.aips-sol.com,0,1
cdn1.lockerdomecdn.com,1,0
bid-beta.atmtd.com,0,1
scripts.kissmetrics.com,1,0
s1.lenovomm.cn,0,1
api.prntscr.com,0,1
prntscr.com,0,1
bluestacks-cloud.appspot.com,0,1
analytics.digitalpfizer.com,1,0
pc.pay.youku.com,0,1
acs.youku.com,0,1
account.youku.com,0,1
lstat.youku.com,0,1
code.usergram.info,0,1
a.imgvc.com,0,1
config-code.usergram.info,0,1
tr.usergram.info,0,1
apps.bdimg.com,0,1
zfwzgl.www.gov.cn,0,1
gl.ewdcloud.com,0,1
rec.ewdcloud.com,0,1
gov.govwza.cn,0,1
zwdtuser.sh.gov.cn,0,1
libjs.s4mdsp.com,0,1
dn1i8v75r669j.cloudfront.net,0,1
c5.dycdn.net,0,1
rxreedpop.containers.piwik.pro,1,0
sso.qs.com,0,1
ps.l.admedo.com,1,0
vmp.boldchat.com,0,1
f49rvkeckz-dsn.algolia.net,0,1
philantro.s3.amazonaws.com,0,1
easyredirects.esc-apps-cdn.com,0,1
seo.apps.avada.io,0,1
pub-7d894854e1e45db79d4a.tracking.refersion.com,1,0
myfonts.attn.tv,0,1
events.privy.com,1,0
cdn.bncloudfl.com,1,0
tj1.youzanyun.com,0,1
cars.qualtrics.com,0,1
ref.dealerinspire.com,1,0
imp.i115008.net,0,1
geoloc.hurriyet.com.tr,0,1
faves.grow.me,0,1
sync.atsptp.com,1,0
cdn.ocelot.studio,1,0
du4pg90j806ok.cloudfront.net,0,1
launcher.spot.im,0,1
api-2-0.spot.im,0,1
static-cdn.spot.im,1,0
static.asknice.ly,0,1
americanbar.asknice.ly,0,1
basketballbelieve.com,1,0
cdn.by.wonderpush.com,1,0
chart.googleapis.com,0,1
widget.watchmondo.com,0,1
cdn.convizit.com,0,1
d94-a.sdn.cz,0,1
suggest.seznam.cz,0,1
passport.jd.com,0,1
cscssl.jd.com,0,1
hongkong.jd.com,0,1
diviner.jd.com,0,1
static.codepen.io,0,1
1.im.cz,0,1
app.bowencraggs.com,0,1
d.la2c1.salesforceliveagent.com,0,1
trgde.adocean.pl,1,0
widget.yenimedya.com.tr,0,1
images9.engageya.com,1,0
aap.hum.works,0,1
yorku.apparmor.com,0,1
checkout.simplexcc.com,0,1
cdn.simplex.com,0,1
iframe.simplex-affiliates.com,0,1
d9cept41duxjf.cloudfront.net,0,1
pixel.staging.datalivemarketing.com.br,0,1
template-service.datalive.ai,0,1
ce.angi.com,0,1
geo.dailymotion.com,0,1
accounts.indianexpress.com,0,1
qodeinteractive.zendesk.com,0,1
meeple.geekdo.com,0,1
www.lendingtree.com,1,0
user-images.trustpilot.com,0,1
public.govdelivery.com,0,1
assets.repair.org,0,1
www.googlecommerce.com,0,1
push.reamaze.com,0,1
bodis.reamaze.io,0,1
eufedora.bringmethehats.com,1,0
support.weixin.qq.com,0,1
www.capterra.com,0,1
cdn0.capterra-static.com,0,1
secure-lc.livechatinc.com,0,1
cmtw.pinduoduo.com,0,1
l.ffx.io,0,1
configs.forgecdn.net,0,1
cdn.optable.co,0,1
sovrn.cloud.optable.co,0,1
media.loc.gov,0,1
redirect.allin.com.br,0,1
badge.dimensions.ai,0,1
connect.liblynx.com,0,1
d1bxh8uas1mnw7.cloudfront.net,0,1
adasupport.ada.support,0,1
ssl-nrk.tns-cs.net,1,0
sso.thevivanetworks.com,0,1
storage.re-news.tw,0,1
blog.alphaloan.co,0,1
ad.holmesmind.com,0,1
fp.holmesmind.com,0,1
statnews.coral.coralproject.net,0,1
content.zeronaught.com,0,1
wu-api.zeronaught.com,0,1
cdn.evergage.com,1,0
mediag2481ed.airspace-e.cbsivideo.com,1,0
inquirer.profiles.tagger.opecloud.com,1,0
onelinksmartscript.appsflyer.com,0,1
autocomplete.diginetica.net,0,1
api.exponea.com,0,1
rabbitrifle.com,1,0
cdn.groupbycloud.com,1,0
cdn-gateflipp.flippback.com,0,1
gateflipp.flippback.com,0,1
stunninglover.com,1,0
italiaonline.profiles.tagger.opecloud.com,1,0
localization.services.pbs.org,0,1
asia-adsjssdk.vivoglobal.com,0,1
st-exbrowser.vivoglobal.com,0,1
asia-adlog.vivoglobal.com,0,1
asia-browser.vivoglobal.com,0,1
fiu.apparmor.com,0,1
product.instiengage.com,0,1
cms.instiengage.com,0,1
wallkit.net,0,1
thewrap.attn.tv,0,1
factor-service.prod.voltaxservices.io,0,1
deltadna.freshdesk.com,0,1
cdn.sitesearch360.com,0,1
tag.adaraanalytics.com,0,1
gs.mountain.com,0,1
api.deep.bi,1,0
pinpoint.ap-southeast-1.amazonaws.com,1,0
api.eu.usercentrics.eu,0,1
uct.eu.usercentrics.eu,0,1
g1.tagtic.cn,0,1
www.demandbase.com,1,0
s.clcktrax.com,0,1
9170879.fls.doubleclick.net,1,0
apivz.russiaru.net,0,1
statmedia.ru,0,1
mexc.zendesk.com,0,1
tr.gunosy.com,0,1
mboxedge35.tt.omtrdc.net,1,0
galleryn1.awemdia.com,1,0
ops.iqd-ao.de,0,1
ads.urban-media.com,0,1
www.webglearth.com,0,1
launcher-sa.spot.im,0,1
aliveachiever.com,1,0
js.entertainow.com,0,1
hypebeast.disqus.com,0,1
cc-api-data.adobe.io,0,1
srv-2022-08-12-14.pixel.parsely.com,0,1
player.vidcrunch.com,1,0
front-perf.like-video.com,0,1
assets.bnidx.com,0,1
runative-syndicate.com,1,0
platform.tumblr.com,0,1
sdk.mmonline.io,0,1
scribe-news.mmonline.io,0,1
cpro.baidu.com,0,1
eastus2-0.in.applicationinsights.azure.com,1,0
click.suning.cn,0,1
indexhu.adocean.pl,1,0
sa.suning.cn,0,1
viewability.inda.hu,0,1
assets.indavideo.hu,0,1
management.ident.indapass.hu,0,1
crowdedmass.com,1,0
cdn.betrad.com,1,0
halk.cdn.filanco.ru,0,1
big4.uptime.ru,0,1
tag.mention-me.com,0,1
events.launchdarkly.us,0,1
tagmanager.schneider-electric.com,1,0
d.la2-c2-ord.salesforceliveagent.com,0,1
stat.khanate.pro,0,1
app.protectsubrev.com,1,0
collider-3.disqus.com,0,1
api-instant.ramp.network,0,1
p4-cpfy3i7ckizvy-muwfhrcnawapnzfx-if-v6exp3-v4.metric.gstatic.com,0,1
usmagazine.com,0,1
mp.weixin.qq.com,0,1
snssdk.gatedata.org,0,1
media.sumo.com,1,0
widget.getblue.io,0,1
biblemenus.com,0,1
rpf-products.prismic.io,0,1
us-an.gr-cdn.com,0,1
event.api.eu.drift.com,1,0
hm.hualv.com,0,1
dtv-app.quantummetric.com,1,0
api-legacy.worldstar.com,0,1
sync.inmobi.com,0,1
api.gateway.wshh-live.com,0,1
profile.ngpvan.com,0,1
js.verygoodvault.com,0,1
secure.everyaction.com,0,1
cc.calltracking.ru,0,1
calltracking.ru,0,1
metal.calltracking.ru,0,1
swi.reco.ebu.io,0,1
end.mpod.ch,0,1
ifttt-dataplane.rudderstack.com,0,1
r.disneyjunior.com,0,1
r.disney.com,0,1
r.babble.com,0,1
r.disneybaby.com,0,1
r.disney.go.com,0,1
r.disneystore.com,0,1
r.shopdisney.com,0,1
di-dtaectolog-us-prod-1.appspot.com,0,1
cdn.media.disneyatoz.com,0,1
d2oarllo6tn86.cloudfront.net,0,1
seohosting.io,0,1
cust-api.trustratings.com,0,1
ads.eltiempo.co,0,1
cnid.condenastdigital.com,0,1
widgets.figshare.com,0,1
img.bestjavporn.net,0,1
predataclient.b-cdn.net,0,1
id.ad-plus.com.tr,0,1
api.disney.com,0,1
differture.com,0,1
ab.blogs.es,0,1
api.dailymotion.com,0,1
images.gmanews.tv,0,1
lustresneakvisitation.com,0,1
support-json.like.video,0,1
insidehighered.disqus.com,0,1
d319npt3v4xvhs.cloudfront.net,0,1
fuel-streaming-prod01.fuelmedia.io,0,1
api.mg2insights.com,0,1
cdn.cookie-script.com,0,1
p.getadcdn.com,1,0
mktapi.infusionsoft.com,0,1
www.o2-freikarte.de,0,1
dashboard.ideanetwork.site,0,1
geoip.alm.com,0,1
p.adsymptotic.com,0,1
www.thirdparty.com,0,1
ldynamicspublicapi.leadforensics.com,1,0
app.cleverstory.io,0,1
lib.twnmm.com,0,1
tlm.pelmorex.com,0,1
images.twnmm.com,1,0
style.org.hc360.cn,0,1
9em1j1.tdum.alibaba.com,0,1
cc.trendmd.co,0,1
academia.trendmd.com,0,1
api.fullcontact.com,0,1
static.scielo.org,0,1
qtstat.com,0,1
m.qtstat.com,0,1
c.qtstat.com,0,1
conversation.ultainc.com,0,1
168695269-prod.rfksrv.com,1,0
d26opx5dl8t69i.cloudfront.net,0,1
raven.ulta.adeptmind.ai,0,1
b-hls-16.doppiocdn.com,1,0
video.xxxjmp.com,1,0
docs.google.com,0,1
cdn.linkmink.com,0,1
d2vxvnufz8f5c5.cloudfront.net,0,1
d2gxssc8hszgww.cloudfront.net,0,1
sync.os-data.com,0,1
dem.shopee.com,0,1
www.auntbertha.com,0,1
files1.cybba.solutions,1,0
app.cybba.solutions,1,0
4cite.attn.tv,0,1
railwayreason.com,1,0
cdn.caast.tv,0,1
api.early-birds.fr,1,0
cache.caast.tv,0,1
eastus-2.in.applicationinsights.azure.com,1,0
time-ak.alicdn.com,0,1
itscenter.alipay.com,0,1
znbjvid3e9uzwugn3-urbanoutfitters.siteintercept.qualtrics.com,0,1
urbanoutfitters.attn.tv,0,1
www.baymaxchat.com,0,1
j2.res.24o.it,0,1
open.woodpeckerlog.com,1,0
eventlog.outbrain.com,0,1
marketplace.medianewsgroup.com,0,1
phoenix.nextit.com,0,1
fr.web.img5.acsta.net,1,0
autolinkmaker.itunes.apple.com,0,1
api.infinario.com,0,1
info.candid.org,0,1
s-cdn.rmp.rakuten.co.jp,0,1
s-ad.rmp.rakuten.co.jp,0,1
s-evt.rmp.rakuten.co.jp,0,1
pr.ybp.yahoo.com,0,1
flash-api-eq.pub.jpe2.rpaas.net,0,1
tlh.gedidigital.it,0,1
vplus.sabavision.com,1,0
tag.perfectaudience.com,1,0
stern.mycleverpush.com,0,1
weblications.guj.de,0,1
headspace.pxf.io,0,1
144c3146-0ceb-4476-9fba-04f8dbce33e3.redfastlabs.com,1,0
cdn.printfriendly.com,0,1
key-cdn.printfriendly.com,0,1
delivery.twentythree.com,0,1
report.23video.com,0,1
globalsiteanalytics.com,1,0
www.pages02.net,0,1
static.wi-fi.ru,0,1
api.yapfiles.ru,0,1
video.onnetwork.tv,0,1
8a5e7a58-cf02-4302-a62b-bcc1af878097.rlets.com,1,0
capture-api.reachlocalservices.com,1,0
abpn.evolok.net,0,1
static-na.payments-amazon.com,0,1
payments.amazon.com,0,1
play.anyclip.com,1,0
static-radar.wettercomassets.com,0,1
cdn.pagesense.io,1,0
chatbot-cdn.lmiutil.com,1,0
zeco.spxl.socy.es,1,0
geoapi.eclabs.io,0,1
static.userback.io,0,1
api.userback.io,0,1
adnlog.ais.co.th,0,1
edition.pagesuite.com,0,1
mhr.talk.news.com.au,0,1
officedepot.attn.tv,0,1
d.delivery.consentmanager.net,0,1
netzwerk.uppr.de,0,1
www.eprimo.de,0,1
ht.uppr.de,0,1
srv-2022-08-12-15.pixel.parsely.com,0,1
api.signalize.com,0,1
api.bazaarvoice.com,0,1
dfvuzgpsen67.cloudfront.net,0,1
www.talkable.com,1,0
dialoguemos.ec,0,1
oss-xpc0.xpccdn.com,0,1
www.appocalypsis.com,0,1
node-ya11.jivosite.com,0,1
comments.rambler.ru,0,1
static.rnet.plus,1,0
loyalty.rambler-co.ru,0,1
api.houston.advgo.net,1,0
bodybuilding.usablenet.com,0,1
geoip.vcomm.io,0,1
acp-magento.appspot.com,0,1
dl.discuz.chat,0,1
b.baidinet.com,0,1
centrocdn.kiosk.tm,0,1
statics.creativecdn.com,1,0
alcdn.msauth.net,0,1
askjulie2.nextit.com,0,1
amtrackes.mpeasylink.com,0,1
embed.podcasts.apple.com,0,1
geo.query.yahoo.com,0,1
omnitag.omniscientai.com,0,1
eu-central-1-web-oao.ssp.yahoo.com,0,1
web.ssp.yahoo.com,0,1
orange.contentsfeed.com,1,0
d3sek7b10w79kp.cloudfront.net,0,1
mindbodygreen.refersion.com,1,0
cdn.siar.us,0,1
secure.tube0mark.com,0,1
enterprise.anyclip.com,1,0
motor1dotcom.disqus.com,0,1
cdn-4.motorsport.com,0,1
g.dcdn.lt,0,1
bid-collector.digitalmatter.ai,0,1
dan.mgr.consensu.org,0,1
delivery.1tag.dentsu.de,0,1
whois.pconline.com.cn,0,1
bv.lnk0.com,0,1
jwz.3conline.com,0,1
urlbi.com,0,1
mcd-gateway.grabtaxi.com,0,1
booktoki148.com,0,1
www.trumba.com,0,1
mapixl.com,0,1
7b0e9f6c68-hw.optimicdn.com,0,1
1675564c27-l3.optimicdn.com,0,1
1675564c27-ec.optimicdn.com,0,1
michaels.attn.tv,0,1
api.smg.com,0,1
munchenviableski.com,0,1
incentive.skimresources.com,0,1
amazonwebservicesinc.tt.omtrdc.net,1,0
www.loginsrc.com,0,1
www.partnersrc.com,0,1
www.ero-labs.com,0,1
api.dmcdn.net,0,1
pzapi-nb.com,0,1
d2lcoyv3ods5zz.cloudfront.net,0,1
p4-cobnft4vwf2ci-ckyldjtaxec32bxr-if-v6exp3-v4.metric.gstatic.com,0,1
www.webseed.com,0,1
clients6.google.com,0,1
www.etrust.pro,0,1
booster.osnova.io,0,1
imp.i347961.net,0,1
offcn.sobot.com,0,1
euseek.hideousplay.com,0,1
apigateway.kiosk.tm,0,1
static.dtadnetwork.com,1,0
ma140-r.analytics.edgekey.net,1,0
opencanvas.io,0,1
i0344be00-ds-aksb-a.akamaihd.net,0,1
init.blackcrow.ai,0,1
api-eu1.hubspot.com,0,1
ssense.sspinc.io,0,1
firstvds.chathost.ru,0,1
api.carrottrack.app,0,1
id.uma.media,0,1
d28x3y4m87xprs.cloudfront.net,0,1
sgali-mcs.byteoversea.com,1,0
maillist-manage.com,0,1
prod-ingestion.tracking.v2.yieldlove-ad-serving.net,1,0
services.zozoplatform.com,0,1
tag.zozoplatform.com,0,1
api.weibo.com,0,1
geoapi.tnn.in,0,1
songbird.cardinalcommerce.com,0,1
secure.vindicia.com,0,1
cy6dj1risq-dsn.algolia.net,0,1
archive.org,0,1
cdn.userneeds.com,0,1
assets.tunnus.almamedia.fi,0,1
cdn.almamedia.tech,0,1
handshake.gravito.net,0,1
cmp-events.almamedia.tech,0,1
cdn.dev.pbstck.com,1,0
99designs.qvig.net,0,1
99designs.zendesk.com,0,1
q.share.qvcemail.com,0,1
lcx-embed.bambuser.com,0,1
io.vtex.com.br,1,0
sp.vtex.com,1,0
rc.vtex.com,0,1
d3fv2pqyjay52z.cloudfront.net,0,1
etarget.mgr.consensu.org,0,1
loc.nine.com.au,0,1
ada.api.nine.com.au,0,1
wwfglobalbackup.disqus.com,0,1
ads.adpone.com,1,0
cdn.browsee.io,0,1
io.clickguard.com,1,0
static.cdn.youke.co,0,1
info.shipstation.com,0,1
chat-assets.frontapp.com,0,1
medastsc.com,0,1
be.moresatisfied.com,0,1
01.cdn.mediatradecraft.com,0,1
d.la4-c1-was.salesforceliveagent.com,0,1
avon.attn.tv,0,1
scp2.elfsightcdn.com,0,1
d22j4fzzszoii2.cloudfront.net,0,1
p2.trrsf.com,0,1
hello-magazine.froomle.com,1,0
zz38046tr.pub.tappx.com,0,1
entry.zeddit.com,0,1
auth.hola.com,0,1
p1.trrsf.com,0,1
capi.moovit.com,0,1
www.storm.mg,0,1
geo.ziffdavis.com,1,0
ads.momagic.com,0,1
f.convertkit.com,0,1
androidpolice.disqus.com,0,1
api.narrativ.com,0,1
money.wp.pl,0,1
api.ffmapi.com,0,1
logs-referer.s3-sa-east-1.amazonaws.com,0,1
mars-v1-americanas-npf.b2w.io,0,1
cdn.opstatics.com,0,1
fast.ssqt.io,0,1
bbs.pc.keiba.findfriends.jp,0,1
netdreamersad.durasite.net,0,1
webservices.titantvguide.titantv.com,0,1
ghb.yieldlift.io,0,1
wral.h-cdn.com,0,1
api.flyertown.ca,0,1
icdn.2cda.pl,0,1
tags.expo9.exponential.com,1,0
global-chat-api-production-global-chat.apps.td-p.nodo.p2.openshiftapps.com,0,1
admin.deema.agency,0,1
pdvacde.com,1,0
d2zah9y47r7bi2.cloudfront.net,1,0
khn.crowdad.io,0,1
stat.pravdafrance.com,0,1
ru.viadata.store,0,1
rux.viadata.store,0,1
sync.viadata.store,0,1
rurtb.viadata.store,0,1
catsnetwork.ru,0,1
cdn.ranksci.com,0,1
dev1.notebook-check.com,0,1
www.notebookchat.com,0,1
infowarsmedia.com,0,1
api.directus.libertycdn.com,1,0
get.exitintel.com,0,1
widgetic.com,0,1
collect.analyze.ly,0,1
static.dla.group,0,1
cdn2.exitintel.com,0,1
front.smartwishlist.webmarked.net,0,1
betastats.exitintel.com,0,1
notif.newswidget.net,0,1
sdk.pulse.schibsted.com,0,1
www.taptap.io,0,1
vlibras.gov.br,0,1
popups.rdstation.com.br,0,1
s1-static.huxiucdn.com,0,1
assets.kochava.com,0,1
q867fmcb8kfo9oqm60q1rqm81.litix.io,1,0
www.goftino.com,0,1
accounts.nintendo.com,0,1
content.telluride.searshc.com,0,1
sears.attn.tv,0,1
d3cv1fywnihry0.cloudfront.net,0,1
anon.oauth.cimpress.io,0,1
pecs.ct.vpsvc.com,0,1
widgets.vyb.events,0,1
uci.starbug.vpsvc.com,0,1
scorestream.com,0,1
prod.puc.starbug.vpsvc.com,0,1
zn0gsrcbql2stgk3a-vistaprint.siteintercept.qualtrics.com,0,1
vistaprintna.pxf.io,0,1
endpoint1.collection.us2.sumologic.com,1,0
www.sandbox.paypal.com,1,0
s.xlgmedia.com,0,1
d2tjpz01y5bfgl.cloudfront.net,0,1
imagetesting.chartbeat.com,1,0
snamwpm.eccmp.com,0,1
media.twiliocdn.com,0,1
ccc-core-prod.nmgcloud.io,0,1
apps.accounts.nintendo.com,0,1
api.ec.nintendo.com,0,1
api.accounts.nintendo.com,0,1
cdn.pushmaster-cdn.xyz,1,0
empirecdn.io,1,0
tags.prodnostic.com,0,1
sf16-unpkg-va.ibytedtos.com,1,0
sdk.joinsherpa.io,0,1
jetblue.asapp.com,0,1
unbounce.disqus.com,0,1
d1k8sb4xbepqao.cloudfront.net,1,0
api.searchspring.net,0,1
cdn-swell-assets.yotpo.com,0,1
player.inforsea.com,0,1
www.bancobrasil.com.br,0,1
www.bb.com.br,0,1
bafkreigvcbn336zpwjbodvvcgexiez67lckbte7oupbecnuj4ifiwryine.ipfs.nftstorage.link,0,1
bafybeig3qznctzm44ved7bzyd66g4nsxkthay4nz5zenjdb5j527gvoz74.ipfs.nftstorage.link,0,1
bafybeibxxw6grmxmj3okgzp5gklcrl7iphiqyilpoi6j36roxt7nnp5ula.ipfs.nftstorage.link,0,1
bafybeien34wawgtgmhxcuxn2jmdvrmjcw6c53dmzj23n42whlrexl6pty4.ipfs.nftstorage.link,0,1
bafkreidebfprxyomguhklwxzcli4r2d77f5xagsko6xpxdtbcvyenalaam.ipfs.nftstorage.link,0,1
staticxx.s3.amazonaws.com,0,1
instagram-3cb0.kxcdn.com,0,1
bulk-noindex-sitemap.helloshopowner.com,0,1
cf.dxmcdn.com,0,1
api.haptikapi.com,0,1
userservices.vip.symantec.com,0,1
d.la1-c2-cdg.salesforceliveagent.com,0,1
d20ohkaloyme4g.cloudfront.net,0,1
howxm.com,0,1
api.howxm.com,0,1
bfx-objects.prd.borderfree.com,0,1
depot.prd.borderfree.com,0,1
rum.optimizely.com,0,1
media.richrelevance.com,0,1
cpm.convergeselect.net,0,1
pagecorrect.monsido.com,1,0
mgm.scene7.com,0,1
cdn2.woxo.tech,0,1
lpgs.chatbro.com,0,1
inres.uspech.sk,0,1
cdn.geocomply.com,0,1
vfhbo3jsnvrutdkuee1akd0lj.litix.io,1,0
media-aus.inq.com,0,1
betcity.cdn.adglare.net,1,0
rcapiuseridexchange.azurewebsites.net,0,1
openexchangerates.org,0,1
logging.cmp-resources.link,0,1
d188m5xxcpvuue.cloudfront.net,1,0
03.cdn.mediatradecraft.com,0,1
castbox.fm,0,1
moderate9.cleantalk.org,1,0
superficialeyes.com,1,0
s.deepl.com,0,1
sakshi.yodasoft.in,0,1
patithatspartal.pro,0,1
vcs.zijieapi.com,0,1
sso.toutiao.com,0,1
vcs.snssdk.com,0,1
www.marketdatasystems.com,0,1
ckwlurries.com,0,1
cdn.beta.pbstck.com,1,0
barra.brasil.gov.br,0,1
profusesupport.com,1,0
mediaite.disqus.com,0,1
scripts.postie.com,0,1
paywall.fewcents.co,0,1
dvagh3p3rk8xj.cloudfront.net,1,0
d3q7vxy7usqoub.cloudfront.net,0,1
adunit.datawrkz.com,1,0
d27d6588a8d3ze.cloudfront.net,1,0
s03.europapress.net,0,1
cdn.smartclip-services.com,1,0
d35xxde4fgg0cx.cloudfront.net,0,1
ws.vggcdn.net,0,1
ugent.containers.piwik.pro,1,0
securetoken.googleapis.com,0,1
nrpc.olark.com,0,1
bid.atmtd.com,0,1
app.convertbox.com,0,1
finder-sdk.huafang.com,0,1
rio.6rooms.com,0,1
sclick.6rooms.com,0,1
cdnintech.com,0,1
s.nvfovu.com,0,1
cdn3.richaudience.com,1,0
cdn.9to5terminal.com,0,1
api4mb.2sao.vn,0,1
api4mb.tintuconline.com.vn,0,1
vads.net.vn,0,1
vnn-res.vgcloud.vn,0,1
log.vads.net.vn,0,1
static.sourcetobin.com,0,1
tracking.vnncdn.net,0,1
tag.trovo-tag.com,0,1
jsc.adskeeper.co.uk,1,0
dds6m601du5ji.cloudfront.net,0,1
images.boldchat.com,0,1
googleads.github.io,1,0
widgets.besoccerapps.com,0,1
mesearch.ai,0,1
crateandbarrel-dataplane.rudderstack.com,0,1
crateandbarrel.attn.tv,0,1
pixel.jungroup.com,0,1
dizzardfovea.com,0,1
glirsoss.com,1,0
csp.snssdk.com,0,1
cgcms.bytedance.com,0,1
token.anygate.vip,0,1
assets.purch.com,0,1
cmp.teamblue.services,0,1
anthropologie.attn.tv,0,1
rum.ngenix.net,0,1
sync.videonow.ru,0,1
rr4---sn-4g5lznls.googlevideo.com,0,1
cdn.weloop.io,0,1
nav-static.blzstatic.cn,0,1
doujinlist.com,0,1
datacamp.pxf.io,0,1
cdn01.smartling.com,0,1
trck.trendtours.de,0,1
kayofthejungle.com,0,1
weakermumrespect.com,0,1
news.smi2.ru,1,0
api.tomi.ai,0,1
partner.linkfire.com,0,1
p39604.cedexis-test.com,0,1
incapsula-cdn.cedexis-test.com,0,1
p34858.cedexis-test.com,0,1
brands.gm-cdn.com,0,1
invites.blackbookinformation.com,0,1
cdn-image.gtflixtv.com,0,1
www.pages04.net,0,1
dmaqfsvvftg8w.cloudfront.net,0,1
pscentral.shoppable.com,0,1
iowadepartment.nanorep.co,0,1
cloud.shoppable.com,0,1
cdn.emailer.emfluence.com,1,0
integrations.etrusted.com,0,1
cdn1.playreplay.me,0,1
cdnx.tribalfusion.com,1,0
dot.wp.pl,0,1
widgets.ir0.webengage.com,1,0
login.shef.ac.uk,0,1
bwrite-api.bna.com,0,1
clockify.zendesk.com,0,1
society6.attn.tv,0,1
push.statuscake.com,0,1
spexjs.com,0,1
p4-bg4x4nr3grutw-nc5hfcwdpxo5toyy-if-v6exp3-v4.metric.gstatic.com,0,1
magalu-ads-px.luizalabs.com,0,1
imgs.ebit.com.br,0,1
track.zappos.com,0,1
d3js.org,0,1
api.bluecore.app,0,1
astatic.org,0,1
nzz.tt.omtrdc.net,0,1
dc-static.wondershare.com,0,1
rscdn.storetail.net,0,1
cdn.adligature.com,1,0
rogerebert.disqus.com,0,1
app.factors.ai,0,1
mosaic.unite.com,0,1
embed.secondstreetapp.com,0,1
api.secondstreetapp.com,0,1
origami.secure.ownlocal.com,1,0
us-central1-kube-ownlocal.cloudfunctions.net,0,1
publish.viostream.com,0,1
s.viostream.com,0,1
cdn.loop11.com,0,1
t.knotch.it,1,0
x.gnst.jp,0,1
app-ab10.marketo.com,0,1
allnipponairwayscolt.tt.omtrdc.net,0,1
s2.nend.net,0,1
btcs.yahoo.co.jp,0,1
cf04.kanade-ad.net,0,1
bk.r-ad.ne.jp,0,1
everett-tpweb.newsengin.com,0,1
heraldnet-wa.newsmemory.com,0,1
api.recruitology.com,0,1
apps.shareaholic.com,0,1
fitgirl-repacks-site.disqus.com,0,1
ers.baidu.com,0,1
go.botmaker.com,0,1
www.meistertask.com,0,1
insurance.mediaalpha.com,0,1
www.quotelab.com,0,1
9to5googleprod.disqus.com,0,1
ads.celtra.com,0,1
ja.next.westlaw.com,0,1
d99xz3flubf0x.cloudfront.net,0,1
secure.trust-guard.com,1,0
recs.listrakbi.com,1,0
api.idg.zone,0,1
register.idgcommunications.net,0,1
transactions.sendowl.com,0,1
cdn-getuigw.getui.com,0,1
bggt.tmuyun.com,0,1
v2.api.uberflip.com,0,1
startup.core.indazn.com,0,1
myheritage-container.com,0,1
portal.allyable.com,0,1
propsid.b-cdn.net,0,1
daveramseyshow.com,0,1
cdn77.aj2031.online,1,0
media.fc2.com,1,0
cdn.bnggsedge.com,0,1
t.bung.ie,0,1
api.crain.com,0,1
polarcdn-engine.com,0,1
bw-prod.plrsrvcs.com,0,1
j.marketsmojo.com,0,1
api.uxtweak.com,0,1
s.replay.uxtweak.com,0,1
replay.uxtweak.com,0,1
log-upload-os.hoyoverse.com,0,1
stikilo.com,0,1
gru-col.eum-appdynamics.com,1,0
pvx.freenet-mobilfunk.de,0,1
elephant.likr.com.tw,0,1
makroo.haber7.net,0,1
player.tavoos.net,0,1
fether.m.taobao.com,0,1
analytics.data.lloydsbankinggroup.com,1,0
td-insider-discord.herokuapp.com,0,1
api.stacksocial.com,0,1
w-gcb-app.herokuapp.com,0,1
ipv4.wtfismyip.com,0,1
bianji.xiegw.cn,0,1
users.api.jeeng.com,1,0
liftable-bq-streamer.appspot.com,0,1
static.clevertap.com,0,1
xedo.me,0,1
cdn.entrance360.com,0,1
airasia.gw-dv.net,0,1
interesting-engineering.froomle.com,1,0
res.heraldm.com,0,1
api.climateclock.world,0,1
s.dnofd.com,0,1
static.zucks.net.zimg.jp,1,0
sdk.conscent.in,0,1
api.conscent.in,0,1
mediaweaver.jp,1,0
adblock-tester.com,1,0
cdn.cookie.sync.usonar.jp,1,0
accounts.zoho.com,0,1
widgets.legalmonster.com,0,1
f389d50a-32e0-478b-9d4b-2d4592528bea.edge.permutive.app,1,0
pahter.tech,0,1
gs-goldbach.da-services.ch,0,1
brand-sdk.kmsmep.com,0,1
9740.clrt.ai,1,0
static.cdn-apple.com,0,1
voicepocket.net,0,1
sy.v.liveperson.net,0,1
analytics.fatmedia.io,0,1
cmi.disqus.com,0,1
dal.apparmor.com,0,1
video-streaming.ezoic.com,1,0
s.inwjau.com,0,1
www.powr.io,0,1
powr-counter.herokuapp.com,0,1
logs.sportslocalmedia.com,0,1
p20304.cedexis-test.com,0,1
integrations.qubit.com,0,1
gong-gc.qubit.com,0,1
apkmirror.disqus.com,0,1
service.gd.gov.cn,0,1
errors.bcovery.com,0,1
api.wo-cloud.com,0,1
ykdc.hzyoka.com,0,1
little-flower-d8af.torrentfreak.workers.dev,1,0
acehardware.dttq.net,0,1
prowriting.azureedge.net,0,1
eu1.adnetwork.agency,0,1
sync1.adnetwork.agency,0,1
widget-v4.tidiochat.com,0,1
wccftech.disqus.com,0,1
widget.cloudpayments.ru,0,1
1.opascp.com,0,1
fgp.philacct.com,0,1
cdn1.browsee.io,0,1
server.connecto.io,0,1
den20ao97i7v1.cloudfront.net,0,1
tb.baimgfroggd.site,0,1
stat.playfamily.ru,0,1
js.userpilot.io,0,1
find.userpilot.io,0,1
www.liputan6.id,0,1
collect.liputan6.id,0,1
live.zonebourse.com,0,1
dg1f2pfrgjxdq.cloudfront.net,0,1
search-autocomplete-ua.evo.run,0,1
u.hwstatic.com,0,1
pay.datatrans.com,0,1
content-admin.aviasales.com,0,1
auth.avs.io,0,1
aj2178.online,0,1
cdn77.aj2178.online,0,1
buffersports.com,0,1
keypush.net,1,0
widgets.abtasty.com,0,1
teepublic.attn.tv,0,1
bio-site-resources-production.s3.amazonaws.com,0,1
app.shoptarget.com.br,1,0
suite.linximpulse.net,1,0
googleads.g-static.co,0,1
front.shoptarget.com.br,1,0
news.day.az,1,0
www.ilk10.az,0,1
chat.1millionbot.com,0,1
wa.arounddeal.com,0,1
cabelas.xhuc.net,0,1
cabelas.attn.tv,0,1
quangcao.phanquang.vn,0,1
trczr.widengle.com,0,1
offer.fevo.com,0,1
caesars.b9i7.net,0,1
www.faithfulcounseling.com,0,1
static-cmsads.admicro.vn,1,0
static.philacct.com,0,1
worthpoint.disqus.com,0,1
d3srxf9cr7mh5q.cloudfront.net,0,1
geo.cookie-script.com,0,1
cdn.headwayapp.co,0,1
ensighten.staticcache.org,0,1
geocodeservice.costco.com,0,1
intent-apps.com,0,1
embed.cwi.re,0,1
view.atdmt.com,1,0
www.zulilyprivatelift.com,0,1
mc.us2.list-manage.com,0,1
ccw-center.wargaming.net,0,1
tenor.wargaming.net,0,1
security-hub.vaimo.network,0,1
coding.kf5.com,0,1
mymyads.net,1,0
noah2.yueimg.com,0,1
jsinc.baa.bitautotech.com,0,1
2-vbus-eu.ladesk.com,0,1
avlsh.visilabs.net,1,0
moderate5.cleantalk.org,1,0
yui-s.yahooapis.com,0,1
advisories.ksucloud.net,0,1
liveux.netcentric.biz,0,1
sc-devel.s3.eu-central-1.amazonaws.com,1,0
www.leafly.ca,0,1
cdn.brsimg.com,0,1
allpass.salemwebnetwork.com,0,1
media.salemwebnetwork.com,0,1
evt.paytm.com,0,1
d23x0bpv9xixis.cloudfront.net,0,1
webstoreapi.jabra.com,0,1
rio.cdn.chegg.com,0,1
dp.xiaoeknow.com,0,1
assets.bilsyndication.com,1,0
pool.journalmedia.ie,0,1
entrytest.zeddit.com,0,1
splitter.lendingtree.com,0,1
zn8i03elsrj8ujesh-transunioncxusa.siteintercept.qualtrics.com,0,1
ip-api.io,0,1
chat-snippet.terminusplatform.com,0,1
chat-team-management.terminus.services,0,1
www.readwhere.com,0,1
englishtribuneimages.blob.core.windows.net,0,1
sec.bigo.sg,0,1
pixel.snapsmedia.io,0,1
hsn.uqhv.net,0,1
snapsmedia.io,0,1
widget.postquare.com,0,1
player.ex.co,1,0
mindn11116.pcapredict.com,0,1
therealreal.attn.tv,0,1
www.mygov.in,0,1
im-cleantechnica.disqus.com,0,1
surugaya-f-s.snva.jp,0,1
ct.captcha-delivery.com,0,1
geo.captcha-delivery.com,0,1
ssp-bidder.i-mobile.co.jp,1,0
plusinbound.hachidori.io,0,1
d.nakanohito.jp,0,1
rcm.shinobi.jp,1,0
js.adflare.jp,0,1
mygovv4-webchat.azurewebsites.net,0,1
tracker.ero-advertising.com,1,0
api.kommunicate.io,0,1
chat.kommunicate.io,0,1
p-events.ivideosmart.com,0,1
download.databreakers.com,1,0
publicapi.databreakers.com,1,0
www.databreakers.com,1,0
pocitadlolibise.seznam.cz,0,1
mobilebox.eg.mobizone.mobi,0,1
worldtimeapi.org,0,1
hellorf.sobot.com,0,1
collectors.sumologic.com,1,0
www.personalicanvas.com,0,1
ibp.nmgplatform.com,1,0
press.vatican.va,0,1
p.cityadstrack.com,1,0
analytics.test.cheggnet.com,1,0
apay-us.amazon.com,0,1
atc.studybreakmedia.com,0,1
code.iconify.design,0,1
uoguelph.apparmor.com,0,1
cta-cf.bc0a.com,0,1
7b241c0b-cfbb-4367-b292-232ba8288ec1.rlets.com,1,0
api.flickr.com,0,1
code.responsivevoice.org,0,1
secure.espn.com,0,1
1-vbus-eu.ladesk.com,0,1
active24.ladesk.com,0,1
cdns.global.gigya.com,0,1
widget.profeat.team,0,1
esomecdn.s3.amazonaws.com,0,1
container.cdn-eso.me,0,1
movieweb-1.disqus.com,0,1
api.flowpros.com,0,1
cdn.dmc.docomo.ne.jp,0,1
api.croct.io,0,1
s1.kwai.net,0,1
api.mythad.com,0,1
sb.shutto.com,0,1
shutto.com,0,1
api.voxus.tv,0,1
weblion777.github.io,0,1
sdks.am-static.com,0,1
api.automizely.com,0,1
ni.tt.omtrdc.net,0,1
processor.asccommunications.com,1,0
olytics.omeda.com,1,0
srv-2022-08-12-19.pixel.parsely.com,0,1
oqs.omeda.com,0,1
processor2.asccommunications.com,0,1
beckers.dragonforms.com,0,1
c.bannerflow.net,1,0
stats.vliplatform.com,0,1
dyn-img.com,0,1
static.legitscript.com,1,0
marketsandmarkets1.containers.piwik.pro,1,0
new-adtest.pages.dev,0,1
adtest.pages.dev,0,1
touchpoint-sdk.visioncritical.com,0,1
api-touchpoint.na1.alida.com,0,1
visits.visitor-analytics.io,1,0
intl-cook.iqiyi.com,0,1
sentry.turbulent.ca,0,1
food52.attn.tv,0,1
au12-cdn.inside-graph.com,1,0
geols.bcovery.com,0,1
intl.iqiyi.com,0,1
static.iqiyi.com,0,1
radar.bayan.ir,0,1
cdn.bayan.ir,0,1
cdn.fcglcdn.com,0,1
log-api.aplus.emas-poc.com,0,1
adl.tfaforms.net,0,1
banners.compassion.com,1,0
www.gotquestions.net,0,1
torontomu.apparmor.com,0,1
cdn.digitalreachagency.com,0,1
us-niceincontact.vergic.com,0,1
h.cloudengage.com,0,1
furiosocomique.com,0,1
d20519brkbo4nz.cloudfront.net,0,1
www.uc.se,0,1
app.conversiobot.com,0,1
streamsb.org,0,1
app.23degrees.io,0,1
skrbtdo.xyz,0,1
iskrbt01.xyz,0,1
jh.cdn.anyshare.icu,0,1
apv-static.tldw.me,1,0
api.nris.ru,0,1
checkout.stripe.com,0,1
static.ultra-rv.com,0,1
rest-admin.happierleads.com,0,1
q-eu1.az.contentsquare.net,1,0
jtracking.lulusoft.com,0,1
qti.avanquest.com,0,1
api.syf.com,0,1
www.dttrpx.com,0,1
draxe.attn.tv,0,1
view.adjust.com,0,1
